name,Claim status,Verification status,License verified,Insurance verified,Contacted,Contact date,Notes,SOS match status,SOS entity name,SOS status,SOS filing date,SOS address match,slug,phone,email,website,address,city,state,zip,serviceArea,minFee,truckCapacity,hoseLength,waterType,waterSource,isVerifiedPro,isActive,isClaimed,yearsInBusiness,serviceRadius,truckCount,pumpType,hoseMaterial,insuranceCertificate,hours,plusCode,ada,lgbtqFriendly,veteranOwned,womenOwned,certification,description,Duplicate Flag,siteStatus
Rainmaker Rentals,,,,,,,,,,,,,apache-junction,(480) 474-9603,,,,Apache Junction,AZ,,,,,,,,FALSE,TRUE,FALSE,,,,,,,,,,,,,,,,live
Arizona Water Company Bulk Water Vending,,,,,,,,,,,,,arizona-water-company-bulk-water-vending,(480) 982-2201,,https://www.azwater.com/,200 North Ocotillo Drive,Apache Junction,AZ,85120,,,,,,,FALSE,TRUE,FALSE,,,,,,,,,,,,,,,,live
WATER DELIVERY,,,,,,,,,,,,,water-delivery,(928) 233-2332,,,451 Park Avenue,Ash Fork,AZ,86320,,,,,,,FALSE,TRUE,FALSE,,,,,,,,,,,,,,,,live
Clear Choice Water Delivery,,,,,,,,,,,,,clear-choice-water-delivery-az,+19282077253,,https://clearchoicewaterdelivery.com/,36233 AZ-61,Concho,AZ,85924,"Concho, Vernon and St Johns.",,3000,,,,FALSE,FALSE,FALSE,,,,,,,Sunday: 8 AM–4 PM  Monday: 7 AM–5 PM  Tuesday: 7 AM–5 PM  Wednesday: 7 AM–5 PM  Thursday: 7 AM–5 PM  Friday: 7 AM–5 PM  Saturday: 7 AM–5 PM,"977W+9C Concho, Arizona",,,,,,Bulk water delivery.   1000 Gallon Delivery We offer 1000 gallon deliveries to all areas. With our minimum being approximately 300 gallons to the Concho & Vernon area.  2000 Gallon Delivery We also have a larger truck and are able to deliver 2000 gallons at once for those who have larger tanks!,,live
Concho Discount Water Delivery,,,,,,,,,,,,,concho-discount-water-delivery,(928) 243-7732,,,30 County Road 5059,Concho,AZ,85924,,,,,,,FALSE,TRUE,FALSE,,,,,,,,,,,,,,,,live
Rockin R Water Delivery,,,,,,,,,,,,,rockin-r-water-delivery,(928) 775-7302,,http://www.rockinrwater.com/,"Dewey, AZ 86327, USA",Dewey-Humboldt,AZ,86327,,,2200,,,,FALSE,TRUE,FALSE,,,,,,,,,,,,,,"Hauled Water Delivery Available throughout Prescott, Prescott Valley, Dewey, Mayer, Chino Valley, and Paulden",,live
"Agua Trucks, LLC",,,,,,,,,,,,,agua-trucks-llc,(623) 734-7767,,https://www.aguatrucks.com/,8525 N 132nd Dr,El Mirage,AZ,85335,,,,,,,FALSE,TRUE,FALSE,,,,,,,,,,,,,,Skip to primary navigation Skip to main content Skip to footer,,pending
Right Water Hauling,,,,,,,,,,,,,right-water-hauling,(928) 527-7973,,http://www.rightwateraz.com/contact,7431 Deville Lane,Flagstaff,AZ,86004,,,,,,,FALSE,TRUE,FALSE,,,,,,,,,,,,,,Flagstaff Holbrook Navajo Tribal Reservation Tusayan Verde Valley Williams,,live
Water Depot,,,,,,,,,,,,,water-depot,(602) 859-0092,,,6900 North 79th Avenue,Glendale,AZ,85303,,,,,,,FALSE,TRUE,FALSE,,,,,,,,,,,,,,,,rejected
Golden Valley Water Hauling,,,,,,,,,,,,,golden-valley-water-hauling,(928) 565-5201,,https://goldenvalleywater.com/,5126 Cowlic Road,Golden Valley,AZ,86413,,,,,,,FALSE,TRUE,FALSE,,,,,,,,,,,,,,,,live
Splash Bulk Water,,,,,,,,,,,,,splash-bulk-water,(520) 623-0909,,,16821 Silverbell Rd,Marana,AZ,85653,,,,,,,FALSE,TRUE,FALSE,,,,,,,,,FALSE,FALSE,FALSE,FALSE,USDOT 440357,"Splash Bulk Water provides safe, clean, and pre-treated bulk water delivery services in the Marana and Tucson, AZ areas.",,live
HD Water Outlet LLC,,,,,,,,,,,,,hd-water-outlet-llc,(480) 834-8983,,,1119 South Mesa Drive,Mesa,AZ,85210,,,,,,,FALSE,TRUE,FALSE,,,,,,,,,,,,,,,,live
Saguaro Water & Ag Services,,,,,,,,,,,,,saguaro-water-ag-services,(480) 555-0598,water@saguaroag.com,https://saguaroag.com,780 S Ellsworth Rd,Mesa,AZ,85208,"Mesa, Apache Junction, Gold Canyon, Florence, Coolidge, Casa Grande",275,4500,100,both,,TRUE,FALSE,FALSE,,,,,,,,,,,,,,"Agricultural and potable water specialists serving the East Valley and rural Arizona. We fill stock tanks, irrigate orchards, service remote work camps, and deliver emergency potable water to areas without municipal supply. Owner-operated with 18 years of experience.",,live
Wild West Water Delivery,,,,,,,,,,,,,wild-west-water-delivery,(480) 982-4508,,https://www.wildwestwaterdelivery.com/,928 North Mountain Road,Mesa,AZ,85207,"Serving Maricopa and Pinal Counties, including Mesa, Apache Junction, Chandler, Gilbert, Gold Canyon, Queen Creek, San Tan Valley, Florence, Coolidge, and Casa Grande.",,5000,,,,FALSE,TRUE,FALSE,,,,,,,,,,,,,,,,live
H2o 2u Potable Water Delivery,,,,,,,,,,,,,h2o-2u-potable-water-delivery,(928) 535-5620,,,,Overgaard,AZ,,,,,,,,FALSE,TRUE,FALSE,,,,,,,,,,,,,,,,live
"Pinetop , White Mountain Water Hauling",,,,,,,,,,,,,pinetop-white-mountain-water-hauling,(928) 240-1165,,https://www.whitemountainwaterhauling.com/,,Peoria,AZ,,,,,,,,FALSE,TRUE,FALSE,,,,,,,,,,,,,,,,live
AZ Spring Water LLC,,,,,,,,,,,,,az-spring-water-llc,(860) 879-2837,,http://www.azspringwater.com/,42807 North 7th Street,Phoenix,AZ,85087,,,,600,,,FALSE,FALSE,FALSE,14,,,,,,,,,,,,,"To be efficient, honest, and courteous is our goal at AZ Spring Water LLC. We deliver potable water to North Phoenix and surrounding areas. Our team is up for every job, no matter how complex, we have the expertise to ensure complete satisfaction. We deliver fresh, clean, clear water straight into your tank, holding tank, pool, above ground pool, spa, jacuzzi, IBC water tanks or any other container. We want our customers to be satisfied with our service, which is why we provide open communication channels throughout each delivery with updates prior to and after a delivery, if requested.",,live
Crystal Creek Water Hauling,,,,,,,,,,,,,crystal-creek-water-hauling,,,,"#2222, Phoenix, AZ 85016, USA",Phoenix,AZ,85016,,,,,,,FALSE,TRUE,FALSE,,,,,,,,,,,,,,,,live
H2eco Water,,,,,,,,,,,,,h2eco-water,,,,,Phoenix,AZ,,,250,,,,,FALSE,TRUE,,,,,,,,,,,,,,,,,live
Water Mart,,,,,,,,,,,,,water-mart,(480) 955-8655,,https://www.facebook.com/share/1E8wabKhL1/,10855 North Tatum Boulevard,Phoenix,AZ,85028,,,,,,,FALSE,TRUE,FALSE,,,,,,,,,,,,,,,,live
White Water,,,,,,,,,,,,,white-water,(602) 462-5300,,https://www.whitewaternow.com/,301 South 29th Street,Phoenix,AZ,85034,,,3600,,,,FALSE,TRUE,FALSE,24,,,,,,,,,,,,,,,live
Southwest Water Truck,,,,,,,,,,,,,southwest-water-truck,(928) 899-7931,,https://hauledwater.com/,588 South Cold Water Lane,Prescott Valley,AZ,86327,,,2100,,,,FALSE,TRUE,FALSE,,,,,,,,,,,,,,,,live
"Dynamite Water, LLC",,,,,,,,,,,,,dynamite-water-llc,(602) 620-9667,,https://www.dynamitewater.com/,28150 North Alma School Parkway,Scottsdale,AZ,85262,,,,,,,FALSE,TRUE,FALSE,30,,,,,,,,,,,,,"Dynamite Water offers flexible bulk water delivery times, from 1-day service to automated systems, available 7 days a week in Scottsdale, AZ.",,live
Rio Verde Foothills Potable Water Hauling,,,,,,,,,,,,,rio-verde-foothills-potable-water-hauling,(602) 228-5547,,http://www.rioverdewater.com/,28150 North Alma School Parkway,Scottsdale,AZ,85262,,,,,,,FALSE,TRUE,FALSE,26,,,,,,,,,,,,,"""Rio Verde delivered the water to refill our 14K gallon pool. The driver was on time with a fast turn-around time. Also a very good competitive price.""",,live
Urbn Water Co. Scottsdale,,,,,,,,,,,,,urbn-water-co-scottsdale,(480) 800-9563,,https://urbnwaterco.com/,14150 North 100th Street,Scottsdale,AZ,85260,,,,,,,FALSE,TRUE,FALSE,,,,,,,,,,,,,,Get the features you need to run your retail store whether you're starting out or scaling up.,,live
Water Express,,,,,,,,,,,,,water-express,(480) 442-4348,,http://waterexpresssite.com/?utm_source=gmb&utm_medium=referral&utm_campaign=13423132249821585125,34706 North 137th Street,Scottsdale,AZ,85262,,,,,,,FALSE,TRUE,FALSE,,,,,,,,,,,,,,"Water is so much more than a commodity, it's a necessity. We bring you clean, safe and affordable fresh drinking water from commercial fill stations throughout the north valley.",,live
The Brad H2o Delivery,,,,,,,,,,,,,the-brad-h2o-delivery,(928) 821-1193,,https://www.facebook.com/brad.waterdelivery,22670 Pine Street,Seligman,AZ,86337,,,,,,,FALSE,TRUE,FALSE,,,,,,,,,,,,,,,,live
Streamline Water LLC,,,,,,,,,,,,,streamline-water-llc,(480) 422-9790,,,2010 East University Drive,Tempe,AZ,85288,,,,,,,FALSE,TRUE,FALSE,,,,,,,,,,,,,,,,live
Andy's Water Truck Service,,,,,,,,,,,,,andys-water-truck-service,(520) 622-0933,,,"4718 S Irving Ave, Tucson, AZ 85714, USA",Tucson,AZ,,,,,,,,FALSE,FALSE,FALSE,,,,,,,,,,,,,,,,live
Camel Water Service,,,,,,,,,,,,,camel-water-service,(520) 744-1300,,,,Tucson,AZ,,,,,,,,FALSE,FALSE,FALSE,,,,,,,,,,,,,,,,live
Splash Water Services,,,,,,,,,,,,,splash-water-services,(520) 623-3284,,https://splashbulkwater.com/,"16821 W Silverbell, Marana, AZ 85653, USA",Tucson,AZ,,,,4000,,,,FALSE,FALSE,FALSE,,,,,,,,,,,,,,"With Splash Bulk Water, you can rest assured that the water is clean and safe. When you opt for bulk water delivery service, you can be confident that you will receive clean, pre-treated water, which means it will have less rust, minerals, and metals.",,live
Bulk Water,,,,,,,,,,,,,bulk-water,,,,"Williams, AZ 86046, USA",Williams,AZ,86046,,,,,,,FALSE,TRUE,FALSE,,,,,,,,,,,,,,,,live
Grand Canyon Drinking Water,,,,,,,,,,,,,grand-canyon-drinking-water,(928) 679-3558,info.gcdw@gmail.com,https://gcdwater.com/,5041 N Deel Drive,Williams,AZ,86046,Self-serve water station and potable water delivery serving the Williams area and surrounding communities.,,,,potable,,FALSE,TRUE,FALSE,,,,,,,"We deliver Monday thru Friday, from 8am to 4pm","MV26+WR Valle, Arizona",FALSE,FALSE,FALSE,FALSE,,"Our water storage facility is located in Red Lake, four miles north of Williams on Highway 64. Our water is hauled into our large water storage tanks from private wells in Bellemont in our 6,800-gallon tankers. From there it is loaded into either our 4,000-gallon or 2,000-gallon tankers for residential delivery.  Our top priority is to provide the highest quality water. Pure Quality Water Every Drop . . . Every Tank . . . Every Time . . . No exceptions!",,live
Knighthood Water Services LLC,,,,,,,,,,,,,knighthood-water-services-llc,(928) 600-1315,,https://knighthoodwaterservices.com/,7102 East Knighthood Lane,Williams,AZ,86046,,,,,,,FALSE,FALSE,FALSE,,,,,,,,,,,,,,Sherwood Forests Exclusive Residential and Commercial Water Delivery Service! Call today to schedule your delivery! (928) 600-1315,,live
Northern Arizona Water Delivery LLC,,,,,,,,,,,,,northern-arizona-water-delivery-llc,(928) 539-5584,,,517 South Friar Tuck Trail,Williams,AZ,86046,,,,,,,FALSE,TRUE,FALSE,,,,,,,,,,,,,,,,live
Alpha Omega Water Hauling,,,,,,,,,,,,,alpha-omega-water-hauling,(928) 582-1126,,http://alphaomegawaterhauling.com/,,Yavapai,AZ,,,,,,,,FALSE,TRUE,FALSE,,,,,,,,,,,,,,,,live
Acton Water Company,,Verified 05/07/26,,,,,,Verified 05/07/26,,Active,,,acton-water-company,(661) 269-5000,,,3375 Country Way,Acton,CA,93510,,,,,,,FALSE,TRUE,FALSE,20+,,,,,,,,FALSE,FALSE,FALSE,FALSE,,,,pending
Lunde Water Company,,,,,,,,,,,,,lunde-water-company,(661) 269-5087,,,3370 Country Way,Acton,CA,93510,,,,,,,FALSE,TRUE,FALSE,,,,,,,,,FALSE,FALSE,FALSE,FALSE,,,,live
"Lunde Water, LLC",,,,,,,,,,,,,lunde-water-llc,16612695087,,http://lundewaterllc.com/,3370 Country Way,Acton,CA,93510,,,,,,,FALSE,TRUE,FALSE,,,,,,,Sunday: Closed Monday: 7 AM–5 PM Tuesday: 7 AM–5 PM Wednesday: 7 AM–5 PM Thursday: 7 AM–5 PM Friday: 7 AM–5 PM Saturday: 7 AM–5 PM,"FR44+VJ Acton, California",FALSE,FALSE,FALSE,FALSE,,,,live
Rain Maker,,,,,,,,,,,,,rain-maker,(661) 298-5448,,,12800 Sierra Highway,Agua Dulce,CA,91390,,,,,,,FALSE,TRUE,FALSE,,,,,,,,,FALSE,FALSE,FALSE,FALSE,,,,pending
Wendy's Water Truck Company LLC,,,,,,,,,,,,,wendys-water-truck-company,+16619444420,,https://wendyswater.com/,Pearblossom,Antelope Valley,CA,93553,,,4000,,,,FALSE,TRUE,FALSE,,,,,,,,,FALSE,FALSE,FALSE,TRUE,License # 96094,"The A.V.'s Only Drinking Water Source. We Are California Health Dept. Certified and L.A. County Approved.  - Swimming Pool Services - image2 Pools, ponds, we do it all!     *Certified clean water ONLY  *NON- POTABLE, IRRIGATION, or RECYCLED WATER NEVER USED",,live
Traynham Ranch,,,,,,,,,,,,,traynham-ranch,(530) 476-2236,,,7082 Tule Road,Arbuckle,CA,95912,,,,,,,FALSE,TRUE,FALSE,,,,,,,,,FALSE,FALSE,FALSE,FALSE,,,,pending
Sala Bros Water Trucking Inc.,,,,,,,,,,,,,sala-bros-water-trucking-inc,(831) 726-3903,,,1935 El Camino Real,Aromas,CA,95004,,,,,,,FALSE,TRUE,FALSE,,,,,,,,,FALSE,FALSE,FALSE,FALSE,,,,pending
Bow Valley Agri-Land Services,,,,,,,,,,,,,bow-valley-agri-land-services,(805) 423-9357,,,14500 El Camino Real,Atascadero,CA,93422,,,,,,,FALSE,TRUE,FALSE,,,,,,,,,FALSE,FALSE,FALSE,FALSE,,,,pending
"Ashbrook Enterprises, Inc.",,,,,,,,,,,,,ashbrook-enterprises-inc,(559) 855-8785,,,35776 Aunt Julia Lane,Auberry,CA,93602,,,,,,,FALSE,TRUE,FALSE,,,,,,,,,FALSE,FALSE,FALSE,FALSE,,,,pending
Scott Houston's Potable Water,,,,,,,,,,,,,scott-houstons-potable-water,(559) 855-3430,,,31485 Auberry Road,Auberry,CA,93602,,,,,,,FALSE,TRUE,FALSE,,,,,,,,,FALSE,FALSE,FALSE,FALSE,,,,pending
Norm Paul Water Hauling Inc,,,,,,,,,,,,,norm-paul-water-hauling-inc,+15308855760,,,1101 Skyline Dr,Auburn,CA,95602,,,,,,,FALSE,TRUE,FALSE,,,,,,,,"WWXQ+72 Auburn, California",FALSE,FALSE,FALSE,FALSE,,,,pending
"Norm Paul, Inc.",,,,,,,,,,,,,norm-paul-inc,(530) 885-5760,,,1101 Skyline Drive,Auburn,CA,95602,,,,,,,FALSE,TRUE,FALSE,,,,,,,,,FALSE,FALSE,FALSE,FALSE,,,,pending
Laramy Water Inc.,,,,,,,,,,,,,laramy-water-inc,(661) 324-4718,,,116 Baker Street,Bakersfield,CA,93305,,,,,,,FALSE,TRUE,FALSE,,,,,,,,,FALSE,FALSE,FALSE,FALSE,,,,pending
"McMor Chlorination, Inc.",,,,,,,,,,,,,mcmor-chlorination-inc,(661) 323-9400,,,"6734 Charity Avenue, Bay #8",Bakersfield,CA,93308,,,,,,,FALSE,TRUE,FALSE,,,,,,,,,FALSE,FALSE,FALSE,FALSE,,,,pending
Bureau of Land Management,,,,,,,,,,,,,bureau-of-land-management,(760) 577-5355,,,2601 Barstow Road,Barstow,CA,92311,,,,,,,FALSE,TRUE,FALSE,,,,,,,,,FALSE,FALSE,FALSE,FALSE,,,,pending
B & B Portable Toilets LLC,,,,,,,,,,,,,b-b-portable-toilets-llc,(707) 445-0830,,,150 Taylor Way,Blue Lake,CA,95525,,,,,,,FALSE,TRUE,FALSE,,,,,,,,,FALSE,FALSE,FALSE,FALSE,,,,pending
Rio Tinto Minerals - Boron,,,,,,,,,,,,,rio-tinto-minerals-boron,(760) 762-7000,,,14486 Borax Road,Boron,CA,93516,,,,,,,FALSE,TRUE,FALSE,,,,,,,,,FALSE,FALSE,FALSE,FALSE,,"Mack's Water Trucks provides reliable potable water delivery for tank fills, pool fills, dust control, and emergency services.",,pending
"D & M Water Company, Inc.",no,no,no,no,,,,no,no,no,no,no,d-m-water-company-inc,(760) 344-2100,,,1548 Jones Street,Brawley,CA,92227,,,,,,,FALSE,TRUE,FALSE,,,,,,,,,FALSE,FALSE,FALSE,FALSE,,,,pending
"Valley Tool Rentals (VTR, Inc.)",,,,,,,,,,,,,valley-tool-rentals-vtr-inc,(805) 688-7213,,,870 North Mc Murray Road,Buellton,CA,93427,,,,,,,FALSE,TRUE,FALSE,,,,,,,,,FALSE,FALSE,FALSE,FALSE,,,,pending
Cal Abel,,,,,,,,,,,,,cal-abel,(916) 799-1059,,,1921 Larsen Road,Camino,CA,95709,,,,,,,FALSE,TRUE,FALSE,,,,,,,,,FALSE,FALSE,FALSE,FALSE,,,,pending
"Aldon, LLC.",,,,,,,,,,,,,aldon-llc,(707) 498-4645,,,70 Central Avenue,Carlotta,CA,95501,,,,,,,FALSE,TRUE,FALSE,,,,,,,,,FALSE,FALSE,FALSE,FALSE,,,,pending
"Packway Materials, Inc.",,,,,,,,,,,,,packway-materials-inc,(530) 335-4197,,,22244 Cassel Road,Cassel,CA,96016,,,,,,,FALSE,TRUE,FALSE,,,,,,,,,FALSE,FALSE,FALSE,FALSE,,,,pending
Paradise Ranch LLC,,,,,,,,,,,,,paradise-ranch-llc,(661) 257-2728,,,36200 Paradise Ranch Road,Castaic,CA,91384,,,,,,,FALSE,TRUE,FALSE,,,,,,,,,FALSE,FALSE,FALSE,FALSE,,,,pending
RMR Water Trucks,,,,,,,,,,,,,rmr-water-trucks,(661) 257-3303,,,32016 N. Castaic Road,Castaic,CA,91384,,,,,,,FALSE,TRUE,FALSE,,,,,,,,,FALSE,FALSE,FALSE,FALSE,,,,pending
Pure Water Bulk,,,,,,,,,,,,,pure-water-bulk,(831) 633-9333,info@purewaterbottling.com,https://purewaterbottling.com/,11265 Commercial Pkwy,Castroville,CA,95012,"Castroville, CA; Monterey Peninsula",,,,,,FALSE,TRUE,FALSE,,,,,,,,,FALSE,FALSE,FALSE,FALSE,,"Locally owned bottled water business offering bulk water, 5-gallon bottles, dispensers, custom sports bottles, and coffee service.",,live
Tough Company Fire Inc.,,,,,,,,,,,,,tough-company-fire-inc,(530) 228-5384,,,2669 Highway 32,Chico,CA,95973,,,,,,,FALSE,TRUE,FALSE,,,,,,,,,FALSE,FALSE,FALSE,FALSE,,,,pending
Jim Brough,,,,,,,,,,,,,jim-brough,(559) 299-5555,,,11220 North Fowler Avenue,Clovis,CA,93619,,,,,,,FALSE,TRUE,FALSE,,,,,,,,,FALSE,FALSE,FALSE,FALSE,,,,pending
"MCS Construction, Inc.",,,,,,,,,,,,,mcs-construction-inc,(559) 294-9616,,,2882 Larkin Avenue,Clovis,CA,93613,,,,,,,FALSE,TRUE,FALSE,,,,,,,,,FALSE,FALSE,FALSE,FALSE,,,,pending
"Pacific Equipment Services, LLC",,,,,,,,,,,,,pacific-equipment-services-llc,(800) 726-0073,,,8350 East Shaw Avenue,Clovis,CA,93619,,,,,,,FALSE,TRUE,FALSE,,,,,,,,,FALSE,FALSE,FALSE,FALSE,,,,pending
Coachella Valley Water District,,,,,,,,,,,,,coachella-valley-water-district,(760) 398-2661,,,85-995 Avenue 52,Coachella,CA,92236,,,,,,,FALSE,TRUE,FALSE,,,,,,,,,FALSE,FALSE,FALSE,FALSE,,,,pending
Giffords Backhoe Services Inc.,,,,,,,,,,,,,giffords-backhoe-services-inc,(707) 928-5240,,,11482 Giffords Springs Road,Cobb,CA,95426,,,,,,,FALSE,TRUE,FALSE,,,,,,,,,FALSE,FALSE,FALSE,FALSE,,,,pending
"Special Operations Group, Inc.",,,,,,,,,,,,,special-operations-group-inc,(307) 527-5000,,,526 Railroad Street,Corona,CA,92880,,,,,,,FALSE,TRUE,FALSE,,,,,,,,,FALSE,FALSE,FALSE,FALSE,,,,pending
Northstate Heavy Equipment Rental,,,,,,,,,,,,,northstate-heavy-equipment-rental,(530) 347-5604,,,18805 Quailridge Road,Cottonwood,CA,96022,,,,,,,FALSE,TRUE,FALSE,,,,,,,,,FALSE,FALSE,FALSE,FALSE,,,,pending
"Casini Enterprises, Inc.",,,,,,,,,,,,,casini-enterprises-inc,(707) 865-2408,,,22855 Moscow Road,Duncans,CA,95430,,,,,,,FALSE,TRUE,FALSE,,,,,,,,,FALSE,FALSE,FALSE,FALSE,,,,pending
Roman's Water Inc.,,,,,,,,,,,,,romans-water-inc,(760) 353-0067,,,902 1/2 South Second Street,El Centro,CA,92243,,,,,,,FALSE,TRUE,FALSE,,,,,,,,,FALSE,FALSE,FALSE,FALSE,,,,pending
National Park Service,,,,,,,,,,,,,national-park-service,(209) 379-1077,,,5083 Foresta Road,El Portal,CA,95318,,,,,,,FALSE,TRUE,FALSE,,,,,,,,,FALSE,FALSE,FALSE,FALSE,,,,pending
Palomar Mountain Premium Spring,,,,,,,,,,,,,palomar-mountain-premium-spring,(760) 743-0140,,http://www.palomarwater.com/,1270 West Mission Road,Escondido,CA,92029,"Escondido, CA; spring water sourced from the Palomar Mountains",,,,,,FALSE,TRUE,FALSE,,,,,,,,,FALSE,FALSE,FALSE,FALSE,,LinkedIn lists the company website as palomarwater.com; an industry listing describes the brand as founded in 1984 and a spring-water supplier.,,live
Matthew J. Johnson,,,,,,,,,,,,,matthew-j-johnson,(530) 467-3535,,,723 Horn Lane,Etna,CA,96027,,,,,,,FALSE,TRUE,FALSE,,,,,,,,,FALSE,FALSE,FALSE,FALSE,,,,pending
"Frank S. Zabel Trucking Co., Inc.",,,,,,,,,,,,,frank-s-zabel-trucking-co-inc,(707) 443-4277,,,4726 Cummings Road,Eureka,CA,95503,,,,,,,FALSE,TRUE,FALSE,,,,,,,,,FALSE,FALSE,FALSE,FALSE,,,,pending
Terry's Pumps & Filters,,,,,,,,,,,,,terrys-pumps-filters,(707) 443-4466,,,2308 Pine Street,Eureka,CA,95501,,,,,,,FALSE,TRUE,FALSE,,,,,,,,,FALSE,FALSE,FALSE,FALSE,,,,pending
Heavy Gear Enterprise,,,,,,,,,,,,,heavy-gear-enterprise,(707) 529-4426,,,8925 Argonne Way,Forestville,CA,95436,,,,,,,FALSE,TRUE,FALSE,,,,,,,,,FALSE,FALSE,FALSE,FALSE,,,,pending
Malsom Trucking,,,,,,,,,,,,,malsom-trucking,(707) 964-0355,,,20075 Hanson Road,Fort Bragg,CA,95437,,,,,,,FALSE,TRUE,FALSE,,,,,,,,,FALSE,FALSE,FALSE,FALSE,,,,pending
Duerr Enterprises,,,,,,,,,,,,,duerr-enterprises,(530) 598-1112,,,6737 North Highway 3,Fort Jones,CA,96032,,,,,,,FALSE,TRUE,FALSE,,,,,,,,,FALSE,FALSE,FALSE,FALSE,,,,pending
"Bubba's Water Truck Service, Inc",,,,,,,,,,,,,bubbas-water-truck-service,+15592420100,info@bubbaswts.com,https://bubbaswts.com/,1225 S West Ave,Fresno,CA,93706,Central Valley,,6500,,both,,FALSE,TRUE,FALSE,,,,,,,,,FALSE,FALSE,FALSE,FALSE,CDPH Certified Water Hauler,"At Bubba’s, we are committed to providing top-quality potable water delivery, dust control, and aggregate hauling services to our customers across the Central Valley.  Residential Delivery Commercial Delivery Dust Control Aggregate Hauling",,live
Kevin Fillebrown,,,,,,,,,,,,,kevin-fillebrown,(559) 375-4273,,,5722 N. 5th Street,Fresno,CA,93710,,,,,,,FALSE,TRUE,FALSE,,,,,,,,,FALSE,FALSE,FALSE,FALSE,,"AG Water Solutions is a family-owned Florida service delivering high-quality pool and potable water, offering tanker rentals and pumping.",,pending
"Glamis Dunes Storage, Inc.",,,,,,,,,,,,,glamis-dunes-storage-inc,(760) 351-1301,,,5379 East Highway 78,Glamis,CA,92227,,,,,,,FALSE,TRUE,FALSE,,,,,,,,,FALSE,FALSE,FALSE,FALSE,,,,pending
A-1 Water Service,,,,,,,,,,,,,a-1-water-service,(805) 685-5000,,,567 Carlo Drive,Goleta,CA,93117,,,,,,,FALSE,TRUE,FALSE,,,,,,,,,FALSE,FALSE,FALSE,FALSE,,,,pending
"All Clean Water Solutions, LLC",,,,,,,,,,,,,all-clean-water-solutions-llc,(888) 896-8047,,,564 Vereda Parque,Goleta,CA,93117,,,,,,,FALSE,TRUE,FALSE,,,,,,,,,FALSE,FALSE,FALSE,FALSE,,,,pending
Aqua Truck Inc.,,,,,,,,,,,,,aqua-truck-inc,(805) 455-0554,,,700 Thornwood,Goleta,CA,93117,,,,,,,FALSE,TRUE,FALSE,,,,,,,,,FALSE,FALSE,FALSE,FALSE,,,,pending
Craig Dewsnup Trucking,,,,,,,,,,,,,craig-dewsnup-trucking,(530) 846-3116,,,179 Little Avenue,Gridley,CA,95948,,,,,,,FALSE,TRUE,FALSE,,,,,,,,,FALSE,FALSE,FALSE,FALSE,,,,pending
J & D Fire Suppression LLC,,,,,,,,,,,,,j-d-fire-suppression-llc,(530) 598-1045,,,1333 Curly Jack Road,Happy Camp,CA,96039,,,,,,,FALSE,TRUE,FALSE,,,,,,,,,FALSE,FALSE,FALSE,FALSE,,,,pending
Allied Water Service,,,,,,,,,,,,,allied-water-service,(800) 432-1183,,,122 Trinity Pines Drive,Hayfork,CA,96041,,,,,,,FALSE,TRUE,FALSE,,,,,,,,,FALSE,FALSE,FALSE,FALSE,,,,pending
Angelo Dean Cattaneo Trucking,,,,,,,,,,,,,angelo-dean-cattaneo-trucking,(530) 356-9435,,,142 Kingsbury Road,Hayfork,CA,96041,,,,,,,FALSE,TRUE,FALSE,,,,,,,,,FALSE,FALSE,FALSE,FALSE,,,,pending
Clear Water Supply,,,,,,,,,,,,,clear-water-supply,(707) 443-6028,,,2323 West Dry Creek Road,Healdsburg,CA,95448,,,,,,,FALSE,TRUE,FALSE,,,,,,,,,FALSE,FALSE,FALSE,FALSE,,,,pending
Leras Potable Water Trucks,,,,,,,,,,,,,leras-potable-water-trucks,(707) 546-5797,,leraspotablewatertrucks.com,145 Alexander Valley Rd,Healdsburg,CA,95448,,,,,,,FALSE,TRUE,FALSE,,,,,,,,,FALSE,FALSE,FALSE,FALSE,Lic # 43202,"Leras Potable Water Trucks specializes in bulk potable water deliveries for homes, businesses, contractors, vineyards, pools, and events.",,live
"Alpha Site Logistics, Inc.",,,,,,,,,,,,,alpha-site-logistics-inc,(760) 352-8383,,,101 East Main Street,Heber,CA,92249,,,,,,,FALSE,TRUE,FALSE,,,,,,,,,FALSE,FALSE,FALSE,FALSE,,A licensed potable hauler serving the critical water needs of the arid Imperial Valley.,,live
A. C. Water Service,,,,,,,,,,,,,a-c-water-service,(951) 926-0004,,,40339 Johnston Avenue,Hemet,CA,92544,,,,,,,FALSE,TRUE,FALSE,,,,,,,,,FALSE,FALSE,FALSE,FALSE,,,,pending
Western States Portable Wash,,,,,,,,,,,,,western-states-portable-wash,(951) 925-1857,,,1710 Terrace Drive,Hemet,CA,92544,,,,,,,FALSE,TRUE,FALSE,,,,,,,,,FALSE,FALSE,FALSE,FALSE,,,,pending
"Jimni Systems, Inc.",,,,,,,,,,,,,jimni-systems-inc,(949) 770-7654,,,11161 Jeffrey Road,Irvine,CA,92602,,,,,,,FALSE,TRUE,FALSE,,,,,,,,,FALSE,FALSE,FALSE,FALSE,,,,pending
H 2 O 2 U,no,no,no,no,,,,no,no,no,no,no,h-2-o-2-u,(760) 364-9262,,https://www.h2o2u.net/,48974 Manzanita Drive,Johnson,CA,92285,"Dripping Springs, TX; Central Texas",,,,,,FALSE,TRUE,FALSE,,,,,,,,,FALSE,FALSE,FALSE,FALSE,,"Family-owned bulk water delivery company serving residential and commercial customers, with services including rainwater collection systems, pools, hot tubs, wells, stock tanks, and emergency water disruption service.",,live
"Hi Desert Water Transport, Inc.",,Verified 05/07/26,,,,,,Verified 05/07/26,"HI DESERT WATER TRANSPORT, INC.",Active,12/29/2014,"61755 ELWOOD PL.
JOSHUA TREE, CA 92252",hi-desert-water-transport-inc,(760) 367-4526,,,4851 Avenida La Flora,Joshua Tree,CA,92252,,,,,,,FALSE,TRUE,FALSE,,,,,,,,,FALSE,FALSE,FALSE,FALSE,,,,pending
B. L. Murphy,,,,,,,,,,,,,b-l-murphy,(760) 765-0841,,,2409 Wynola Road,Julian,CA,92036,,,,,,,FALSE,TRUE,FALSE,,,,,,,,,FALSE,FALSE,FALSE,FALSE,,,,pending
"A & G Pumping, Inc.",,Verified 05/07/26,,,,,,Verified 05/07/26,,Active,,,a-g-pumping-inc,(831) 385-5803,,,268 East San Antonio Drive,King City,CA,93930,,,,,,,FALSE,TRUE,FALSE,25,,,,,,,,FALSE,FALSE,FALSE,FALSE,,,,pending
Puryear Domestic Water Delivery,,,,,,,,,,,,,puryear-domestic-water-delivery,(707) 443-4181,,,422 Shale Lane,Kneeland,CA,95549,,,,,,,FALSE,TRUE,FALSE,,,,,,,,,FALSE,FALSE,FALSE,FALSE,,,,pending
Laguna Beach County Water District,,,,,,,,,,,,,laguna-beach-county-water-district,(949) 464-1041,,,306 Third Street,Laguna Beach,CA,92651,,,,,,,FALSE,TRUE,FALSE,,,,,,,,,FALSE,FALSE,FALSE,FALSE,,,,pending
South Coast Water District,,,,,,,,,,,,,south-coast-water-district,(949) 499-4555,,,31108-B South Coast,Laguna Beach,CA,92651,,,,,,,FALSE,TRUE,FALSE,,,,,,,,,FALSE,FALSE,FALSE,FALSE,,,,pending
Moulton Niguel Water District,,,,,,,,,,,,,moulton-niguel-water-district,(949) 831-2500,,,26161 Gordon Road,Laguna Hills,CA,92653,,,,,,,FALSE,TRUE,FALSE,,,,,,,,,FALSE,FALSE,FALSE,FALSE,,,,pending
TL's Portable Sinks & Water Trucks,,,,,,,,,,,,,tls-portable-sinks-water-trucks,(661) 333-9456,,,3817 Seclusion Road,Lake Isabella,CA,93240,,,,,,,FALSE,TRUE,FALSE,,,,,,,,,FALSE,FALSE,FALSE,FALSE,,,,pending
"Harkrader Trucking, Inc.",,,,,,,,,,,,,harkrader-trucking-inc,(530) 238-2284,,,16814 Packers Bay Road,Lakehead,CA,96051,,,,,,,FALSE,TRUE,FALSE,,,,,,,,,FALSE,FALSE,FALSE,FALSE,,,,pending
"Paul E. Scribner Const., Inc",,,,,,,,,,,,,paul-e-scribner-const-inc,(530) 623-4840,,,4831 Trinity Dam Blvd,Lewiston,CA,96052,,,,,,,FALSE,TRUE,FALSE,,,,,,,,,FALSE,FALSE,FALSE,FALSE,,,,pending
"AAA Mobile Solutions, Inc",,,,,,,,,,,,,aaa-mobile-solutions-inc,(888) 285-5597,,,23100 Road 201,Lindsay,CA,93247,,,,,,,FALSE,TRUE,FALSE,,,,,,,,,FALSE,FALSE,FALSE,FALSE,,,,pending
"Nestle Waters North America, Inc.",,,,,,,,,,,,,nestle-waters-north-america-inc,(925) 294-7720,,,7480 Las Positas Road,Livermore,CA,94551,,,,,,,FALSE,TRUE,FALSE,,,,,,,,,FALSE,FALSE,FALSE,FALSE,,,,pending
Aero Pure Water Hauling,,,,,,,,,,,,,aero-pure-water-hauling,(209) 224-5898,,,133 Commerce Street,Lodi,CA,95240,,,,,,,FALSE,TRUE,FALSE,,,,,,,,,FALSE,FALSE,FALSE,FALSE,,,,pending
Curtin Maritime Corp.,,,,,,,,,,,,,curtin-maritime-corp,(562) 666-6971,,,1500 Pier C Street,Long Beach,CA,90813,,,,,,,FALSE,TRUE,FALSE,,,,,,,,,FALSE,FALSE,FALSE,FALSE,,,,pending
Action Sanitary,,,,,,,,,,,,,action-sanitary,(707) 994-5068,Actionsanitary@gmail.com,actionsanitaryinc.com,12018 Spruce Grove Rd,Lower Lake,CA,95457,,,"Up to 5,000 gal",,,,FALSE,TRUE,FALSE,,,,,,,,,FALSE,FALSE,FALSE,FALSE,,"Action Sanitary is a Northern California site support provider offering bulk potable water delivery, septic services, and portable restrooms.",,live
1# Moore Water Service,,,,,,,,,,,,,1-moore-water-service,(760) 247-9125,,,11191 Joshua Road,Lucerne,CA,92356,,,,,,,FALSE,TRUE,FALSE,,,,,,,,,FALSE,FALSE,FALSE,FALSE,,,,pending
George's Water Service,,,,,,,,,,,,,georges-water-service,(760) 248-2872,,,23732 Monolith Street,Lucerne,CA,92356,,,,,,,FALSE,TRUE,FALSE,,,,,,,,,FALSE,FALSE,FALSE,FALSE,,,,pending
Bezak Liquid Transport,,,,,,,,,,,,,bezak-liquid-transport,(209) 966-4244,,,5062 West Whitlock Road,Mariposa,CA,95338,,,,,,,FALSE,TRUE,FALSE,,,,,,,,,FALSE,FALSE,FALSE,FALSE,,,,pending
Norcal Water Delivery,,,,,,,,,,,,,norcal-water-delivery,(707) 498-2689,,,275 Rock Pit Road,McKinleyville,CA,95519,,,,,,,FALSE,TRUE,FALSE,,,,,,,,,FALSE,FALSE,FALSE,FALSE,,,,pending
Mendocino Water Company,,,,,,,,,,,,,mendocino-water-company,(707) 937-5216,,,43401 Little Lake Road,Mendocino,CA,95460,,,,,,,FALSE,TRUE,FALSE,,,,,,,,,FALSE,FALSE,FALSE,FALSE,,,,pending
Dempsey's Water System,,,,,,,,,,,,,dempseys-water-system,(209) 572-1677,,,"1224 Reno Avenue, Suite O",Modesto,CA,95351,,,,,,,FALSE,TRUE,FALSE,,,,,,,,,FALSE,FALSE,FALSE,FALSE,,,,pending
Vito Trucking LLC.,,,,,,,,,,,,,vito-trucking-llc,(209) 342-5104,,,2812 Nathan Avenue,Modesto,CA,95354,,,,,,,FALSE,TRUE,FALSE,,,,,,,,,FALSE,FALSE,FALSE,FALSE,,,,pending
Bingham's Potable Water Delivery,,,,,,,,,,,,,binghams-potable-water-delivery,(707) 815-2223,,,1084 First Avenue,Napa,CA,94558,,,,,,,FALSE,TRUE,FALSE,,,,,,,,,FALSE,FALSE,FALSE,FALSE,,,,pending
Carneros Inn Mutual Water Co,,,,,,,,,,,,,carneros-inn-mutual-water-co,(707) 299-4936,,,4048 Sonoma Highway,Napa,CA,94559,,,,,,,FALSE,TRUE,FALSE,,,,,,,,,FALSE,FALSE,FALSE,FALSE,,,,pending
Oakville Pump Service,,,,,,,,,,,,,oakville-pump-service,(707) 944-2471,,,7855 St. Helena Highway,Oakville,CA,94562,,,,,,,FALSE,TRUE,FALSE,,,,,,,,,FALSE,FALSE,FALSE,FALSE,,,,pending
Tom's Equipment Rental,,,,,,,,,,,,,toms-equipment-rental,(559) 626-4152,,,6275 South Anchor Avenue,Orange Cove,CA,93646,,,,,,,FALSE,TRUE,FALSE,,,,,,,,,FALSE,FALSE,FALSE,FALSE,,,,pending
Renaissance Vineyard & Winery,,,,,,,,,,,,,renaissance-vineyard-winery,(800) 655-3277,,,12585 Rices Crossing Road,Oregon House,CA,95962,,,,,,,FALSE,TRUE,FALSE,,,,,,,,,FALSE,FALSE,FALSE,FALSE,,,,pending
Butte Water Truck Service,,,,,,,,,,,,,butte-water-truck-service,(530) 589-0645,,,5656 Miners Ranch Road,Oroville,CA,95966,,,,,,,FALSE,TRUE,FALSE,,,,,,,,,FALSE,FALSE,FALSE,FALSE,,,,pending
Carson Water Delivery,,,,,,,,,,,,,carson-water-delivery,(661) 269-1866,,,32137 Angeles Forest Hwy,Palmdale,CA,93550,,,,,,,FALSE,TRUE,FALSE,,,,,,,,,FALSE,FALSE,FALSE,FALSE,,,,pending
Wendy's Water Truck Co.,,,,,,,,,,,,,wendys-water-truck-co,(661) 944-4420,,wendyswater.com,11817 Fort Tejon Road,Pearblossom,CA,93553,,,"4,000 gal",,,,FALSE,TRUE,FALSE,,,,,,,,,FALSE,FALSE,FALSE,FALSE,Lic # 96094,The A.V.'s Only Drinking Water Source. We are California Health Dept. Certified and L.A. County Approved for clean water services.,,live
H20 To Go,,,,,,,,,,,,,h20-to-go,(530) 432-8440,,,12093 Chances R Road,Penn Valley,CA,95946,,,,,,,FALSE,TRUE,FALSE,,,,,,,,,FALSE,FALSE,FALSE,FALSE,,,,pending
Bill Pardini Trucking Inc.,,,,,,,,,,,,,bill-pardini-trucking-inc,(707) 763-3176,,,653 Fallon Road,Petaluma,CA,94952,,,,,,,FALSE,TRUE,FALSE,,,,,,,,,FALSE,FALSE,FALSE,FALSE,,,,pending
Dan Pardini Trucking,,,,,,,,,,,,,dan-pardini-trucking,(707) 753-0695,,,653 Fallon Road,Petaluma,CA,94952,,,,,,,FALSE,TRUE,FALSE,,,,,,,,,FALSE,FALSE,FALSE,FALSE,,,,pending
"Martell Water Systems, Inc.",,,,,,,,,,,,,martell-water-systems-inc,(925) 432-4282,,,1818 Loveridge Road,Pittsburg,CA,94565,,,,,,,FALSE,TRUE,FALSE,,,,,,,,,FALSE,FALSE,FALSE,FALSE,,,,pending
Abel Fire Equipment,,,,,,,,,,,,,abel-fire-equipment,(800) 798-1923,,,4721 Quarry Court,Placerville,CA,95667,,,,,,,FALSE,TRUE,FALSE,,,,,,,,,FALSE,FALSE,FALSE,FALSE,,"Rickaby Fire Support provides mobile showers and potable water to fire camps, disaster relief efforts, and large private events.",,live
Bret Williams Water Truck Services,,,,,,,,,,,,,bret-williams-water-truck-services,+15303133369,,,2240 CA-49,Placerville,CA,95667,,,,,,,FALSE,TRUE,FALSE,,,,,,,Sunday: Open 24 hours  Monday: Open 24 hours  Tuesday: Open 24 hours  Wednesday: Open 24 hours  Thursday: Open 24 hours  Friday: Open 24 hours  Saturday: Open 24 hours,"Q52G+9R Placerville, California",FALSE,FALSE,FALSE,FALSE,,,,pending
Brett Williams Water Truck Services,,,,,,,,,,,,,brett-williams-water-truck-services,(530) 313-3369,,,6526 Motherlode Drive,Placerville,CA,95667,,,,,,,FALSE,TRUE,FALSE,,,,,,,,,FALSE,FALSE,FALSE,FALSE,,,,pending
El Dorado Water & Shower Service,,,,,,,,,,,,,el-dorado-water-shower-service,(530) 622-8995,,,5821 Mother Lode Drive,Placerville,CA,95667,,,,,,,FALSE,TRUE,FALSE,,,,,,,,,FALSE,FALSE,FALSE,FALSE,,,,pending
Popejoy's Water & Fire Support,,,,,,,,,,,,,popejoys-water-fire-support,(530) 957-1646,,,9285 Mosquito Road,Placerville,CA,95667,,,,,,,FALSE,TRUE,FALSE,,,,,,,,,FALSE,FALSE,FALSE,FALSE,,,,pending
Ken Enns,,,,,,,,,,,,,ken-enns,(559) 731-7981,,,1731 Theta Court,Porterville,CA,93257,,,,,,,FALSE,TRUE,FALSE,,,,,,,,,FALSE,FALSE,FALSE,FALSE,,,,pending
Tehama Transport,,,,,,,,,,,,,tehama-transport,(530) 529-9770,,,20065 Live Oak Road,Red Bluff,CA,96080,,,,,,,FALSE,TRUE,FALSE,,,,,,,,,FALSE,FALSE,FALSE,FALSE,,,,pending
"Waterdog, LLC",,,,,,,,,,,,,waterdog-llc,(530) 514-2232,,,19260 Ridge Road,Red Bluff,CA,96080,,,,,,,FALSE,TRUE,FALSE,,,,,,,,,FALSE,FALSE,FALSE,FALSE,,,,pending
California Dept. of Forestry,,,,,,,,,,,,,california-dept-of-forestry,(530) 265-7855,,,6105 Airport Road,Redding,CA,96002,,,,,,,FALSE,TRUE,FALSE,,,,,,,,,FALSE,FALSE,FALSE,FALSE,,,,pending
"Emergency Water Supply, Inc.",,,,,,,,,,,,,emergency-water-supply-inc,(530) 241-8585,,,1050 Twin View Blvd,Redding,CA,96003,,,,,,,FALSE,TRUE,FALSE,,,,,,,,,FALSE,FALSE,FALSE,FALSE,,,,pending
Fire Water Supply,,,,,,,,,,,,,fire-water-supply,(530) 529-7206,,,2434 Progress Drive #A,Redding,CA,96001,,,,,,,FALSE,TRUE,FALSE,,,,,,,,,FALSE,FALSE,FALSE,FALSE,,,,pending
Levey Transport Inc.,,,,,,,,,,,,,levey-transport-inc,(530) 223-9090,,,8490 Hartmeyer Lane,Redding,CA,96002,,,,,,,FALSE,TRUE,FALSE,,,,,,,,,FALSE,FALSE,FALSE,FALSE,,,,pending
R. J. White Sales,,,,,,,,,,,,,r-j-white-sales,(530) 241-7325,,,2832 Howard Drive,Redding,CA,96001,,,,,,,FALSE,TRUE,FALSE,,,,,,,,,FALSE,FALSE,FALSE,FALSE,,,,pending
"Silverthorn Resort, Inc.",,,,,,,,,,,,,silverthorn-resort-inc,(530) 275-7950,,,22300 Jones Valley Marina,Redding,CA,96003,,,,,,,FALSE,TRUE,FALSE,,,,,,,,,FALSE,FALSE,FALSE,FALSE,,,,pending
Totem Logistics Inc.,,,,,,,,,,,,,totem-logistics-inc,(510) 332-1231,,,2100 Tunel Road,Redway,CA,95560,,,,,,,FALSE,TRUE,FALSE,,,,,,,,,FALSE,FALSE,FALSE,FALSE,,,,pending
Martin E. Moyer,,,,,,,,,,,,,martin-e-moyer,(707) 485-8591,,,2181 Road B,Redwood,CA,95470,,,,,,,FALSE,TRUE,FALSE,,,,,,,,,FALSE,FALSE,FALSE,FALSE,,,,pending
Blue Planet Water Services LLC.,,,,,,,,,,,,,blue-planet-water-services-llc,(650) 366-8844,,,750 Hurlingame Avenue,Redwood City,CA,94063,,,,,,,FALSE,TRUE,FALSE,,,,,,,,,FALSE,FALSE,FALSE,FALSE,,,,pending
L & L Farms,,,,,,,,,,,,,l-l-farms,(530) 882-4343,,,4577 Midway,Richvale,CA,95974,,,,,,,FALSE,TRUE,FALSE,,,,,,,,,FALSE,FALSE,FALSE,FALSE,,,,pending
Bertrand Enterprises,,,,,,,,,,,,,bertrand-enterprises,(760) 446-6600,,,1210 West Graaf Avenue,Ridgecrest,CA,93555,,,,,,,FALSE,TRUE,FALSE,,,,,,,,,FALSE,FALSE,FALSE,FALSE,,,,pending
River Rats Septic & Plumbing,,,,,,,,,,,,,river-rats-septic-plumbing,(530) 308-1472,,,10467 La Sierra,Rough and Ready,CA,95975,,,,,,,FALSE,TRUE,FALSE,,,,,,,,,FALSE,FALSE,FALSE,FALSE,,,,rejected
Water U Want,,,,,,,,,,,,,water-u-want,(831) 442-2482,,,2037 North Main Street,Salinas,CA,93906,,,,,,,FALSE,TRUE,FALSE,,,,,,,,,FALSE,FALSE,FALSE,FALSE,,,,pending
Rezek Equipment Engineering,,,,,,,,,,,,,rezek-equipment-engineering,(800) 739-3979,,,970 Reece Street,San Bernardino,CA,92411,,,,,,,FALSE,TRUE,FALSE,,,,,,,,,FALSE,FALSE,FALSE,FALSE,,,,pending
Pacific Maritime Freight Inc.,,,,,,,,,,,,,pacific-maritime-freight-inc,(619) 533-7932,,,1444 Cesar E. Chavez Pkwy,San Diego,CA,92113,,,,,,,FALSE,TRUE,FALSE,,,,,,,,,FALSE,FALSE,FALSE,FALSE,,,,pending
Bay Area Water Trucks,,,,,,,,,,,,,bay-area-water-trucks,+14082980500,info@BayAreaWater.com,http://www.watertruk.com/,,San Jose,CA,95112,,,,,,,FALSE,TRUE,FALSE,,,,,,,,,FALSE,FALSE,FALSE,FALSE,,"Providing complete water transportation services.  Our bulk  transport division delivers specialized water products for whatever your needs.  Fresh water for domestic use using our food-grade tankers Industrial waters (reclaimed, seawater, specialized)  Our Industrial division provides highly capable trucks for: Construction The film production Industry",,live
United Site Services Inc.,,,,,,,,,,,,,united-site-services-inc,(775) 745-5789,,,3408 Hillcap Avenue,San Jose,CA,95136,,,,,,,FALSE,TRUE,FALSE,,,,,,,,,FALSE,FALSE,FALSE,FALSE,,,,pending
"Bay Area Corporation, Inc.",,,,,,,,,,,,,bay-area-corporation-inc,(408) 683-0500,,,13005 Fircrest Drive,San Martin,CA,95046,,,,,,,FALSE,TRUE,FALSE,,,,,,,,,FALSE,FALSE,FALSE,FALSE,,"Water U Want is a registered water hauler located in Salinas, CA, offering bulk water delivery services.",,live
Kyle Koontz Trucking,,,,,,,,,,,,,kyle-koontz-trucking,(559) 760-7149,,,852 South Thompson,Sanger,CA,93657,,,,,,,FALSE,TRUE,FALSE,,,,,,,,,FALSE,FALSE,FALSE,FALSE,,,,pending
NRK Services Inc.,,,,,,,,,,,,,nrk-services-inc,(559) 681-9638,,,10140 East McKinley,Sanger,CA,93657,,,,,,,FALSE,TRUE,FALSE,,,,,,,,,FALSE,FALSE,FALSE,FALSE,,,,pending
"DS Services of America, Inc.",,,,,,,,,,,,,ds-services-of-america-inc,(714) 454-6513,,,1522 N. Newhope Street,Santa Ana,CA,92703,,,,,,,FALSE,TRUE,FALSE,,,,,,,,,FALSE,FALSE,FALSE,FALSE,,,,pending
"Universal Bobcat & Hauling, Inc.",,,,,,,,,,,,,universal-bobcat-hauling-inc,(949) 338-2538,,,414 N. Santa Fe Street,Santa Ana,CA,92701,,,,,,,FALSE,TRUE,FALSE,,,,,,,,,FALSE,FALSE,FALSE,FALSE,,,,pending
Sweetwater Enterprises,,,,,,,,,,,,,sweetwater-enterprises,(805) 260-1239,,,4 Springs Ranch Hwy 154,Santa Barbara,CA,93105,,,,,,,FALSE,TRUE,FALSE,,,,,,,,,FALSE,FALSE,FALSE,FALSE,,,,pending
"AQ Transport, LLC",,,,,,,,,,,,,aq-transport-llc,(818) 344-2544,,,25060 West Avenue,Santa Clarita,CA,91355,,,,,,,FALSE,TRUE,FALSE,,,,,,,,,FALSE,FALSE,FALSE,FALSE,,,,pending
Sooner Trucking LLC,,,,,,,,,,,,,sooner-trucking-llc,(661) 873-3456,,,24737 Walnut Street,Santa Clarita,CA,91321,,,,,,,FALSE,TRUE,FALSE,,,,,,,,,FALSE,FALSE,FALSE,FALSE,,"Premier Water Services is a Southwest Florida bulk water distributor providing timely delivery to contractors, pool builders, and homeowners.",,pending
H2O4U,,,,,,,,,,,,,h2o4u,(831) 479-0400,,,911 41st Avenue,Santa Cruz,CA,95062,,,,,,,FALSE,TRUE,FALSE,,,,,,,,,FALSE,FALSE,FALSE,FALSE,,,,pending
Santa Margarita Water District,,,,,,,,,,,,,santa-margarita-water-district,(949) 459-6541,,,26111 Antonio Parkway,Santa Margarita,CA,92688,,,,,,,FALSE,TRUE,FALSE,,,,,,,,,FALSE,FALSE,FALSE,FALSE,,,,pending
"Pacific Petroleum California, Inc.",,,,,,,,,,,,,pacific-petroleum-california-inc,(805) 925-1947,,,1615 East Betteravia Road,Santa Maria,CA,93454,,,,,,,FALSE,TRUE,FALSE,,,,,,,,,FALSE,FALSE,FALSE,FALSE,,,,pending
"Butch Cameron Trucking, Inc.",,,,,,,,,,,,,butch-cameron-trucking-inc,(707) 546-0146,,,"1240 Century Court, Suite A",Santa Rosa,CA,95403,,,,,,,FALSE,TRUE,FALSE,,,,,,,,,FALSE,FALSE,FALSE,FALSE,,,,pending
C & L Trucking,,,,,,,,,,,,,c-l-trucking,(707) 888-8714,,,3264 Santa Rosa Avenue,Santa Rosa,CA,95407,,,,,,,FALSE,TRUE,FALSE,,,,,,,,,FALSE,FALSE,FALSE,FALSE,,"Davis Water Service delivers bulk potable water for pools, construction, and factories across the South, with 24/7 emergency response.",,pending
Clifton Water Trucking,,,,,,,,,,,,,clifton-water-trucking,(707) 237-2659,,,1655 Matanzas Road,Santa Rosa,CA,95405,,,,,,,FALSE,TRUE,FALSE,,,,,,,,,FALSE,FALSE,FALSE,FALSE,,,,pending
"Cresta Enterprises, Inc.",,,,,,,,,,,,,cresta-enterprises-inc,(707) 542-6833,,,3000 Porter Creek Road,Santa Rosa,CA,95404,,,,,,,FALSE,TRUE,FALSE,,,,,,,,,FALSE,FALSE,FALSE,FALSE,,,,pending
"Rio Dog Trucking, LLC",,,,,,,,,,,,,rio-dog-trucking-llc,(707) 321-1957,,,6110 Petersen Road,Sebastopol,CA,95472,,,,,,,FALSE,TRUE,FALSE,,,,,,,,,FALSE,FALSE,FALSE,FALSE,,,,pending
"Doby Hagar Trucking, Inc.",,,,,,,,,,,,,doby-hagar-trucking-inc,(661) 746-2062,,,19063 Transport Lane,Shafter,CA,93263,,,,,,,FALSE,TRUE,FALSE,,,,,,,,,FALSE,FALSE,FALSE,FALSE,,,,pending
Gomes Water Trucks,,,,,,,,,,,,,gomes-water-trucks,(530) 701-3412,,,10212 Melody Road,Smartsville,CA,95977,,,,,,,FALSE,TRUE,FALSE,,,,,,,,,FALSE,FALSE,FALSE,FALSE,,,,pending
Blue Iron,,,,,,,,,,,,,blue-iron,(209) 532-1827,,,18879 Rugged Trail Road,Sonora,CA,95370,,,,,,,FALSE,TRUE,FALSE,,,,,,,,,FALSE,FALSE,FALSE,FALSE,,,,pending
Mike McConnell Construction,,,,,,,,,,,,,mike-mcconnell-construction,(209) 533-2917,,,22077 Fortuna Mine Road,Sonora,CA,95370,,,,,,,FALSE,TRUE,FALSE,,,,,,,,,FALSE,FALSE,FALSE,FALSE,,,,pending
Cherokee Freight Lines,,,,,,,,,,,,,cherokee-freight-lines,(209) 931-3570,,,5463 Cherokee Road,Stockton,CA,95215,,,,,,,FALSE,TRUE,FALSE,,,,,,,,,FALSE,FALSE,FALSE,FALSE,,,,pending
"Foodliner, Inc.",,,,,,,,,,,,,foodliner-inc,(209) 941-8361,,,2467 East Mariposa Road,Stockton,CA,95205,,,,,,,FALSE,TRUE,FALSE,,,,,,,,,FALSE,FALSE,FALSE,FALSE,,,,pending
Speedy's Potable Water Service,,,,,,,,,,,,,speedys-potable-water-service,(209) 598-6116,,,11751 Sweet Pea Way,Sutter Creek,CA,95685,,,,,,,FALSE,TRUE,FALSE,,,,,,,,,FALSE,FALSE,FALSE,FALSE,,,,pending
Mack’s (Potable) Water Trucks,,,,,,,,,,,,,Macks-Potable-Water-Trucks,+19513020748,,"G2VF+JC Temecula, California",39220 Gray Squirrel Rd,Temecula,CA,92592,,,,,,,FALSE,TRUE,FALSE,,,,,,,,"G2VF+JC Temecula, California",FALSE,FALSE,TRUE,FALSE,,"Water Tank Fills  Our specialized dust control services help keep construction sites, unpaved roads, and events dust-free. We contribute to a cleaner and safer environment.   Dust Control  Count on us to deliver clean and crystal-clear water for your swimming pools, adhering to the highest water quality standards. Dive into a refreshing pool experience.  Pool FIlls  In times of crisis, you can rely on us for prompt and dependable emergency water services. We're ready to respond to your urgent water needs.",,live
Mack's Water Trucks,,,,,,,,,,,,,macks-water-trucks,(951) 302-0748,,,40560 Calle Cordova,Temecula,CA,92592,,,,,,,FALSE,TRUE,FALSE,,,,,,,,,FALSE,FALSE,FALSE,FALSE,,,,live
"Schober Transport, Inc.",,,,,,,,,,,,,schober-transport-inc,(951) 506-9944,,,46750 Rainbow Canyon,Temecula,CA,92592,,,,,,,FALSE,TRUE,FALSE,,,,,,,,,FALSE,FALSE,FALSE,FALSE,,"D&D Bulk Water Services provides fast and efficient bulk water delivery for residential pools and commercial needs in Brevard County, FL.",,pending
"Bubba's Water Truck Service, Inc.",,,,,,,,,,,,,bubbas-water-truck-service-inc,(559) 289-3403,,,29039 Burrough North Road,Tollhouse,CA,93667,,,,,,,FALSE,TRUE,FALSE,,,,,,,,,FALSE,FALSE,FALSE,FALSE,,,,live
Perrien's Potable Water,,,,,,,,,,,,,perriens-potable-water,(559) 760-5808,,,28657 Burrough Valley Road,Tollhouse,CA,93667,,,,,,,FALSE,TRUE,FALSE,,,,,,,,,FALSE,FALSE,FALSE,FALSE,,,,pending
Indian River Transport,,,,,,,,,,,,,indian-river-transport,(209) 664-0456,,,5100 Taylor Court,Turlock,CA,95382,,,,,,,FALSE,TRUE,FALSE,,,,,,,,,FALSE,FALSE,FALSE,FALSE,,,,pending
The Confidence Ridge Co.,,,,,,,,,,,,,the-confidence-ridge-co,(209) 454-9228,,,19186 Superior Drive,Twain Harte,CA,95383,,,,,,,FALSE,TRUE,FALSE,,,,,,,,,FALSE,FALSE,FALSE,FALSE,,,,pending
"Environmental Aqua, Inc.",,,,,,,,,,,,,environmental-aqua-inc,(707) 469-9576,,,"896 Aldridge Road, Suite D",Vacaville,CA,95688,,,,,,,FALSE,TRUE,FALSE,,,,,,,,,FALSE,FALSE,FALSE,FALSE,,,,pending
JW Enterprises,,,,,,,,,,,,,jw-enterprises,(805) 658-2449,,,1689 Morse Avenue,Ventura,CA,93003,,,,,,,FALSE,TRUE,FALSE,,,,,,,,,FALSE,FALSE,FALSE,FALSE,,,,pending
Water Now,,,,,,,,,,,,,water-now,(559) 739-4891,,,1037 East Cambridge Ave,Visalia,CA,93292,,,,,,,FALSE,TRUE,FALSE,,,,,,,,,FALSE,FALSE,FALSE,FALSE,,,,pending
Mason's Water Service,,,,,,,,,,,,,masons-water-service,(408) 353-4196,,,1260 Heckler Pass Road,Watsonville,CA,95073,,,,,,,FALSE,TRUE,FALSE,,,,,,,,,FALSE,FALSE,FALSE,FALSE,,,,pending
State of Jefferson Potable Water,,,,,,,,,,,,,state-of-jefferson-potable-water,(530) 623-8686,,,11 Town Reservoir Road,Weaverville,CA,96093,,,,,,,FALSE,TRUE,FALSE,,,,,,,,,FALSE,FALSE,FALSE,FALSE,,,,pending
"El Oasis Water Company, Co.",,,,,,,,,,,,,el-oasis-water-company-co,(760) 344-3357,,,200 East Main Street,Westmorland,CA,92281,,,,,,,FALSE,TRUE,FALSE,,,,,,,,,FALSE,FALSE,FALSE,FALSE,,,,pending
Aquarian,,,,,,,,,,,,,aquarian,(707) 459-5680,,,1700 Hilltop Drive,Willits,CA,95490,,,,,,,FALSE,TRUE,FALSE,,,,,,,,,FALSE,FALSE,FALSE,FALSE,,,,pending
"Gandy-Staley Oil Company, Inc.",,,,,,,,,,,,,gandy-staley-oil-company-inc,(530) 934-3168,,,630 Eureka Street,Willows,CA,95988,,,,,,,FALSE,TRUE,FALSE,,,,,,,,,FALSE,FALSE,FALSE,FALSE,,,,pending
"O L & T Foodtrans, LLC",,,,,,,,,,,,,o-l-t-foodtrans-llc,(310) 387-3466,,,1304 East Lomita Blvd,Wilmington,CA,92612,,,,,,,FALSE,TRUE,FALSE,,,,,,,,,FALSE,FALSE,FALSE,FALSE,,,,pending
"Kern Valley Water Tenders, Inc.",,,,,,,,,,,,,kern-valley-water-tenders-inc,(760) 376-2747,,,8 Earl Pascoe Road,Wofford,CA,93285,,,,,,,FALSE,TRUE,FALSE,,,,,,,,,FALSE,FALSE,FALSE,FALSE,,,,pending
"Rickaby Fire Support, LLC",,,,,,,,,,,,,rickaby-fire-support-llc,(530) 790-5660,,,1581 Jennifer Lane,Yuba City,CA,95993,,,,,,,FALSE,TRUE,FALSE,,,,,,,,,FALSE,FALSE,FALSE,FALSE,,,,pending
Premier Water Services LLC,,,,,,,,,,,,,premier-water-services-llc,12399003455,,http://www.premierwaterservicesfl.com/,1126 SE 12th Ct,Cape Coral,FL,33990,,,,,,,FALSE,TRUE,FALSE,,,,,,,Sunday Closed  Monday 8 AM–5 PM  Tuesday 8 AM–5 PM  Wednesday 8 AM–5 PM  Thursday 8 AM–5 PM  Friday 8 AM–5 PM  Saturday 8 AM–12 PM,,FALSE,FALSE,FALSE,FALSE,,,,live
Davis Water Service,,,,,,,,,,,,,davis-water-service,18002348845,,https://www.daviswaterservice.com/,1855 Fairbanks St,Lakeland,FL,33805,,,,,,,FALSE,TRUE,FALSE,,,,,,,Sunday: Closed Monday: 8 AM–5 PM Tuesday: 8 AM–5 PM Wednesday: 8 AM–5 PM Thursday: 8 AM–5 PM Friday: 8 AM–5 PM Saturday: Closed,"3287+XV Lakeland, Florida",FALSE,FALSE,FALSE,FALSE,,,,pending
D&D Bulk Water Delivery Services,,,,,,,,,,,,,d-d-bulk-water-delivery-services,13217014494,,https://ddbulkwaterservices.com/,"221 W Hibiscus Blvd, ",Melbourne,FL,32901,,,,,,,FALSE,TRUE,FALSE,,,,,,,Sunday: Closed Monday: 8 AM–5 PM Tuesday: 8 AM–5 PM Wednesday: 8 AM–5 PM Thursday: 8:30 AM–5 PM Friday: 8 AM–7 PM Saturday: 8 AM–4 PM,,FALSE,FALSE,FALSE,FALSE,,,,live
AG Water Solutions,,,,,,,,,,,,,ag-water-solutions,12392728172,,https://sites.google.com/view/agwatersolutions,,,FL,,,,,,,,FALSE,TRUE,FALSE,,,,,,,Sunday: Closed Monday: 6 AM–6 PM Tuesday: 6 AM–6 PM Wednesday: 6 AM–6 PM Thursday: 6 AM–6 PM Friday: 6 AM–6 PM Saturday: 6 AM–6 PM,,FALSE,FALSE,FALSE,FALSE,,,,live
Flynn Water,,,,,,,,,,,,,flynn-water, 609-894-0001,,flynnwater.com,P.O. Box 104,Juliustown,NJ,8042,"Serving New Jersey, Staten Island NY, Southeastern PA, and Delaware.",,,,non-potable,,FALSE,TRUE,FALSE,35,,,,,,,,FALSE,FALSE,FALSE,FALSE,,"Bulk Water Delivery for Emergency & Disaster Relief, Construction, Landscaping Potable and Non-Potable water for disaster relief, firefighting, farms & livestock, and construction site bulk water needs Pipeline hydro testing and flushing Fill compaction and dust control Mason mortar mixing and powerwashing Enviromental injection water, or Carbon filter back washing Drilling and boring",,live
Kyle Mountain Fire LLC,,,,,,,,,,,,,kyle-mountain-fire-llc,(702) 316-9800,,,2516 Losee,North Las Vegas,NV,89030,,,,,,,FALSE,TRUE,FALSE,,,,,,,,,FALSE,FALSE,FALSE,FALSE,,,,pending
D & S Water Hauling,,,,,,,,,,,,,d-and-s-water-hauling,+16143783236,,,, Groveport,OH,43125,,,,,,,FALSE,TRUE,FALSE,,,,,,,,"V3FR+JF Groveport, Ohio",FALSE,FALSE,FALSE,FALSE,,,,live
McKenzie Mist Water Company,,,,,,,,,,,,,mc-kenzie-mist-water-company,541-747-5068,bulkwater@mckenziemist.com,mckenziemist.com,4222 W 6th Ave,Eugene,OR,97402,,,3000,,both,,FALSE,TRUE,FALSE,,,,,,,Monday through Friday - 9:00am to 5:30pm,,FALSE,FALSE,FALSE,FALSE,,"Residential Delivery for:  Cisterns  Holding tanks  Ponds  Pools, spas, and hot tubs  Emergency storage tanks  Commercial Delivery for:  Construction sites  Farms and Agriculture  Events",,live
"B & D Mobile Support, Inc",,,,,,,,,,,,,b-d-mobile-support-inc,(541) 880-4716,,,11030 Highway 39,Klamath Falls,OR,97603,,,,,,,FALSE,TRUE,FALSE,,,,,,,,,FALSE,FALSE,FALSE,FALSE,,,,pending
Xtreme Wildland Inc.,,,,,,,,,,,,,xtreme-wildland-inc,(541) 840-6235,,,1562 Nordic Court,Medford,OR,97564,,,,,,,FALSE,TRUE,FALSE,,,,,,,,,FALSE,FALSE,FALSE,FALSE,,,,pending
Grayback Forestry Inc.,,,,,,,,,,,,,grayback-forestry-inc,(541) 476-0033,,,1150 Ort Lane,Merlin,OR,97532,,,,,,,FALSE,TRUE,FALSE,,,,,,,,,FALSE,FALSE,FALSE,FALSE,,,,pending
Ahg Water Hauler,,,,,,,,,,,,,ahg-water-hauler,512-410-1490,,,9430 RESEARCH BLVD BLDG 4 STE 120,Austin,TX,78759-6586,"Ector County, TX",,,,potable,,FALSE,FALSE,FALSE,,,,,,,,,,,,,TX0680248,,,pending
Hills of Texas Bulk Water,,,,,,,,,,,,,hills-of-texas-bulk-water,+15125546451,,,564 Parking lot,Austin,TX,78767,,,,,,,FALSE,TRUE,FALSE,,,,,,,Monday: 9 AM–5 PM  Tuesday: 9 AM–5 PM   Wednesday: 9 AM–5 PM   Thursday: 9 AM–5 PM   Friday: 9 AM–5 PM   Saturday:  Closed   Sunday:  Closed,"7796+X2 Austin, Texas",,,,,,,,live
Swift Bulk Water Delivery,,,,,,,,,,,,,swift-bulk-water-delivery,(512) 858-8400,ray@swiftbulkwater.com,http://swiftbulkwater.com/,10604 Circle Drive,Austin,TX,78736,,,5000,,,,FALSE,TRUE,FALSE,,,,,,,Monday:  	9 AM–5 PM  Tuesday:  	9 AM–5 PM   Wednesday:  	9 AM–5 PM   Thursday:  	9 AM–5 PM   Friday:  	9 AM–5 PM   Saturday:  	Closed   Sunday:  	Closed,"63R6+V9 Austin, Texas",,,,,TCEQ Certified #2270423,Our Bulk Water Delivery Service brings fresh water to you!,,live
Aguafina Bulk Water,,,,,,,,,,,,,aguafina-bulk-water,(512) 395-7086,delivery.aguafina@gmail.com,https://www.aguafinawaterdelivery.com/,583 Bonita Drive,Blanco,TX,78606,,,,,,,FALSE,TRUE,FALSE,,,,,,,,,,,,,,"We deliver bulk water straight to your storage tanks. Whether you need water for irrigation, livestock, or emergency reserves, we ensure fast and effecient delivery to keep your tanks full.",,live
Granberg Bulk Water Service,,,,,,,,,,,,,granberg-bulk-water-service,830-385-4195,granbergwill@gmail.com,https://granbergbulkwater.com/,198 SUNSET RDG,Blanco,TX,78606-2048,"Blanco County, TX",,,,potable,,FALSE,FALSE,FALSE,,,,,,,,,,,,,TX0160053,,,live
Immels Dairy Service,,,,,,,,,,,,,immels-dairy-service,830-833-5606,,,PO BOX 775,Blanco,TX,78606-0775,"Blanco County, TX",,,,potable,,FALSE,FALSE,FALSE,,,,,,,,,,,,,TX0160032,,,pending
Sierra Bulk Water,,,,,,,,,,,,,sierra-bulk-water,512-461-3878,info@sierrabulkwater.com,http://www.sierrabulkwater.com/,831 RIVER BEND DR,Blanco,TX,78606-5078,"Blanco County, TX",,,,potable,,FALSE,FALSE,FALSE,,,,,,,,,,,,,TX0160048,,,pending
Hanna Water Hauler,,,,,,,,,,,,,hanna-water-hauler,325-456-4882,,,3425 MENARD HWY,Brady,TX,76825-7484,"Mcculloch County, TX",,,,potable,,FALSE,FALSE,FALSE,,,,,,,,,,,,,TX1540021,,,pending
Oasis Water Delivery,,,,,,,,,,,,,oasis-water-delivery,737-305-8520,Oasiswater.wade@gmail.com,https://www.oasiswaterdelivery.net/,171 WILDCAT DRAW,Buda,TX,78610-2751,"Hays County, TX",,,,potable,,FALSE,FALSE,FALSE,,,,,,,,,,,,,TX1050235,,,pending
Consolidated Water Bostic Water Hauler,,,,,,,,,,,,,consolidated-water-bostic-water-hauler,512-756-2100,,,PO BOX 1367,Burnet,TX,78611-7367,"Burnet County, TX",,,,potable,,FALSE,FALSE,FALSE,,,,,,,,,,,,,TX0270161,,,pending
Water Boy,,,,,,,,,,,,,water-boy,512-868-7355,,,PO BOX 1897,Cedar Park,TX,78630-1897,"Travis County, TX",,,,potable,,FALSE,FALSE,FALSE,,,,,,,,,,,,,TX2270372,,,pending
Provisions Fleet Management,,,,,,,,,,,,,provisions-fleet-management,817-825-1254,,,3125 COUNTY ROAD 805B,Cleburne,TX,76031-7870,"Ector County, TX",,,,potable,,FALSE,FALSE,FALSE,,,,,,,,,,,,,TX0680239,,,pending
Willda Beast Water Hauler,,,,,,,,,,,,,willda-beast-water-hauler,979-268-6760,michelle@willda-beast.com,https://willda-beast.com/,PO BOX 12250,College Station,TX,77842-2250,"Atascosa County, TX",,,,potable,,FALSE,FALSE,FALSE,,,,,,,,,,,,,TX0070035,,,pending
A & V Water Hauling,,,,,,,,,,,,,a-v-water-hauling,940-281-1315,info@aandvwater.com,https://www.aandvwater.com/,PO BOX 1504,Decatur,TX,76234-6147,"Wise County, TX",,,,potable,,FALSE,FALSE,FALSE,,,,,,,,,,,,,TX2490081,,,pending
Cross Integrated Transport,,,,,,,,,,,,,cross-integrated-transport,806-478-1435,,,PO BOX 1023,Dimmitt,TX,79027-1023,"Dallam County, TX",,,,potable,,FALSE,FALSE,FALSE,,,,,,,,,,,,,TX0560021,,,pending
Hydro Haulers bulk water,,,,,,,,,,,,,hydro-haulers-bulk-water,,hydrohaulers@gmail.com,,10351 Ranch to Market Road 150,Driftwood,TX,78619,,,,,,,FALSE,TRUE,FALSE,,,,,,,,,,,,,,,,live
H2o2u Water Delivery,,,,,,,,,,,,,h2o2u-water-delivery,512-695-5204,,https://www.h2o2u.net/,911 W HIGHWAY 290,Dripping Springs,TX,78620-3851,"Hays County, TX",,,,potable,,FALSE,FALSE,FALSE,,,,,,,,,,,,,TX1050164,,,pending
J & A Water Hauling Service,,,,,,,,,,,,,j-a-water-hauling-service,915-252-8052,,,14600 BUFFALO BILL DR,El Paso,TX,79938-8654,"El Paso County, TX",,,,potable,,FALSE,FALSE,FALSE,,,,,,,,,,,,,TX0710214,,,pending
Lujan Trucking,,,,,,,,,,,,,lujan-trucking,915-859-8187,,,10650 SOCORRO RD,El Paso,TX,79927-7992,"El Paso County, TX",,,,potable,,FALSE,FALSE,FALSE,,,,,,,,,,,,,TX0710104,,,pending
Jenkins Industries Water Hauler,,,,,,,,,,,,,jenkins-industries-water-hauler,979-239-4267,jenkinsindustries@hotmail.com,https://www.jenkinsindustriesllc.com/?utm_source=google&utm_medium=wix_google_business_profile&utm_campaign=11873222720170443472,3015 COUNTY RD 400,Freeport,TX,77541-8227,"Brazoria County, TX",,,,potable,,FALSE,FALSE,FALSE,,,,,,,,,,,,,TX0200757,,,pending
Peak Rentals Kenedy Hauler,,,,,,,,,,,,,peak-rentals-kenedy-hauler,940-612-4223,,https://www.rentpeak.com/,PO BOX 340,Gainesville,TX,76241-0340,"Karnes County, TX",,,,potable,,FALSE,FALSE,FALSE,,,,,,,,,,,,,TX1280020,,,pending
H2eco Water LLC,,,,,,,,,,,,,h2eco-water-llc,(713) 812-8400,,https://www.h2ecowater.com/,16310 Aldine Westfield Road,Houston,TX,77032,,,,,,,FALSE,TRUE,FALSE,,,,,,,,,,,,,,Oops! Something went wrong while submitting the form.,,live
South Central,,,,,,,,,,,,,south-central,806-995-3547,,,4621 GASMER DR STE B,Houston,TX,77035-6101,"Harris County, TX",,,,potable,,FALSE,FALSE,FALSE,,,,,,,,,,,,,TX1013865,,,pending
Sun Coast Resources,,,,,,,,,,,,,sun-coast-resources,713-844-9600,salesteam@reladyne.com,https://reladyne.com/,6405 CAVALCADE ST BLDG 1,Houston,TX,77026-4315,"Harris County, TX",,,,potable,,FALSE,FALSE,FALSE,,,,,,,,,,,,,TX1013667,,,pending
Willda Beast,,,,,,,,,,,,,willda-beast,(979) 268-6760,,http://www.willda-beast.com/,15823 Farm to Market 244,Iola,TX,77861,,,,,,,FALSE,FALSE,FALSE,,,,,,,,,,,,,,,,pending
Bulkwater911,,,,,,,,,,,,,bulkwater911,(830) 225-8028,,https://www.bulkwater911.com/,5310 U.S. 281,Johnson City,TX,78636,,,,,,,FALSE,TRUE,FALSE,,,,,,,,,,,,,,,,live
Samantha Springs,,,,,,,,,,,,,samantha-springs,(817) 554-8800,,https://www.samanthasprings.com/?utm_source=google&utm_medium=organic&utm_campaign=gmb,712 North Main Street,Keller,TX,76248,"Servicing Arkansas, Oklahoma, Louisiana, New Mexico, Texas, & beyond",,6250,,,,FALSE,TRUE,FALSE,,,,,,,Sunday: Closed  Monday: 8 AM–5 PM  Tuesday: 8 AM–5 PM  Wednesday: 8 AM–5 PM   Thursday: 8 AM–5 PM   Friday: 8 AM–5 PM  Saturday: Closed,"WPVW+JQ Keller, Texas",,,,,,"Samantha Springs is Texas’ leading provider of bulk spring water, sourced from our historic underground spring in Keller, TX. Originally rediscovered in 1984, the spring was fully developed and began delivering water in 1996. Whether you need bulk water for industrial use, pool filling, breweries, co-packers, or private-label bottling, we deliver 6,250 gallons per tanker directly to your site—fast, fresh, and hassle-free. 100% Pure Spring Water – Naturally filtered and sourced from protected springs High-Capacity Bulk Delivery – Tanker trucks deliver large volumes across Texas and beyond Bottling & Co-Packing Solutions – Supplying manufacturers and beverage brands with premium water Certified & Compliant – Exceeds Texas Commission for Environmental Quality (TCEQ) & FDA standards",,live
Austin Bulk Water,,,,,,,,,,,,,austin-bulk-water,512-280-4037,,,PO BOX 1570,Kyle,TX,78640-1570,"Travis County, TX",,,,potable,,FALSE,FALSE,FALSE,,,,,,,,,,,,,TX2270436,,,pending
Corky's Bulk Water Delivery,,,,,,,,,,,,,corkys-bulk-water-delivery,(830) 377-2779,,https://www.facebook.com/corkys.lawncare/,10771 Park Road 37,Lakehills,TX,78063,,,,,,,FALSE,TRUE,FALSE,,,,,,,,,,,,,,,,live
Atlas Base Camp Equipment & Logistics,,,,,,,,,,,,,atlas-base-camp-equipment-logistics,210-727-4790,,,14414 US HIGHWAY 87 W STE 3C PMB 238,Lavernia,TX,78121-5947,"Dimmit County, TX",,,,potable,,FALSE,FALSE,FALSE,,,,,,,,,,,,,TX0640064,,,pending
Winco Trucking Water Hauler,,,,,,,,,,,,,winco-trucking-water-hauler,936-632-6033,,,203 S 1ST ST,Lufkin,TX,75901-3825,"Ward County, TX",,,,potable,,FALSE,FALSE,FALSE,,,,,,,,,,,,,TX2380029,,,pending
Frontier Bulk Water Delivery,,,,,,,,,,,,,frontier-bulk-water-delivery,(830) 262-8355,info@frontierbulkwater.com,http://frontierbulkwater.com/,1885 Farm to Market Road 1980,Marble Falls,TX,78654,,,,,,,FALSE,TRUE,FALSE,,,,,,,,"JM7X+5H Marble Falls, Texas",,,,,,,,pending
Ken's Satellite and Potable Water Hauling LLC.,,,,,,,,,,,,,kens-satellite-and-potable-water-hauling-llc,(432) 638-9931,,http://www.kenspotablewater.com/,2901 South County Road 1255,Midland,TX,79706,,,,,,,FALSE,TRUE,FALSE,,,,,,,,,,,,,,"Our mission is to provide reliable water hauling services in the Permian Basin, delivering exceptional service at a fair price while upholding the highest standards of safety and compliance. With a legacy spanning over 50 years, we take pride in being a trusted partner for our community's water needs.",,live
Water Runner LLC,,,,,,,,,,,,,water-runner-llc,(432) 661-3768,,https://waterrunner.com/,11906 Jordy Rd,Midland,TX,79707,,,,,,,FALSE,TRUE,FALSE,,,,,,,,,,,,,TCEQ Certified,"Based in Midland, but capable of delivering throughout the lower 48 states",,live
Water Tech,,,,,,,,,,,,,water-tech,432-272-1001,,,PO BOX 14077,Odessa,TX,79768-4077,"Midland County, TX",,,,potable,,FALSE,FALSE,FALSE,,,,,,,,,,,,,TX1650105,,,pending
Water Works Field Services,,,,,,,,,,,,,water-works-field-services,432-445-3306,,,2425 STAFFORD BLVD,Pecos,TX,79772-6629,"Reeves County, TX",,,,potable,,FALSE,FALSE,FALSE,,,,,,,,"CF3J+JH Pecos, Texas",,,,,TX1950034,,,pending
Original Services Water Hauler,,,,,,,,,,,,,original-services-water-hauler,325-227-6749,,,PO BOX 62703,San Angelo,TX,76906-2703,"Tom Green County, TX",,,,potable,,FALSE,FALSE,FALSE,,,,,,,,,,,,,TX2260114,,,pending
Turquoise Water,,,,,,,,,,,,,turquoise-water,325-658-3899,,,PO BOX 61874,San Angelo,TX,76906-1874,"Tom Green County, TX",,,,potable,,FALSE,FALSE,FALSE,,,,,,,,,,,,,TX2260033,,,pending
Reynolds Nationwide Water Tank Trailers,,,,,,,,,,,,,reynolds-nationwide-water-tank-trailers,210-648-7770,,http://www.reynoldsnw.com/,8755 US HIGHWAY 87 E,San Antonio,TX,78263-2244,"Harris County, TX",,,,potable,,FALSE,FALSE,FALSE,,,,,,,,"9MMM+WJ San Antonio, Texas",,,,,TX1013868,,,pending
Drip Drops Bulk Water,,,,,,,,,,,,,drip-drops-bulk-water,830-220-9059,dripdrops.waterbulk@gmail.com,https://www.dripdropbulkwater.com/,143 CREST DR,Spicewood,TX,78669-9155,"Burnet County, TX",,,,potable,,FALSE,FALSE,FALSE,,,,,,,,,,,,,TX0270175,,,pending
Lone Star Bulk Water Hauler,,,,,,,,,,,,,lone-star-bulk-water-hauler,512-588-0246,,http://www.lonestarwaterdelivery.com/,115 VERA DR,Spicewood,TX,78669-4039,"Burnet County, TX",,,,potable,,FALSE,FALSE,FALSE,,,,,,,,,,,,,TX0270151,,,live
Ripple Bulk Water Delivery,,,,,,,,,,,,,ripple-bulk-water-delivery,(830) 800-1900,,http://www.ripplebulkwater.com/,4227 Tyx Trail,Spicewood,TX,78669,,,,,,,FALSE,TRUE,FALSE,,,,,,,,,,,,,TCEQ Certified,"We are TCEQ Certified and Approved as a licensed water hauling company by the Texas Commission on Environmental Quality (TCEQ), as we adhere to all the necessary state guidelines and regulations to ensure the highest standards of safety.",,live
F & H Water Service,,,,,,,,,,,,,f-h-water-service,361-318-9614,,,PO BOX 724,Three Rivers,TX,78071-0724,"Live Oak County, TX",,,,potable,,FALSE,FALSE,FALSE,,,,,,,,,,,,,TX1490033,,,pending
Phillips Water Hauling,,,,,,,,,,,,,phillips-water-hauling-weatherford-texas,+18175998600,,,6308 I-20,Weatherford,TX,76088,,,,,,,FALSE,FALSE,FALSE,,,,,,,,"P354+45 Weatherford, Texas",,,,,,,,pending
Bulk Water Wrangler ,,,,,,,,,,,,,wrangler-bulk-water-delivery,15129393121,,https://www.bulkwaterwrangler.com/,,DRIPPING SPRINGS,TX,,,,,,,,FALSE,TRUE,FALSE,,,,,,,,,FALSE,FALSE,FALSE,FALSE,,,,live
Alpha Pool Fill & Bulk Water,,,,,,,,,,,,,alpha-pool-fill-bulk-water,13864025109,,http://alphapoolfill.com/,,,,,,,,,,,FALSE,TRUE,FALSE,,,,,,,Sunday (Easter) Open 24 hours Hours might differ  Monday Open 24 hours  Tuesday Open 24 hours  Wednesday Open 24 hours  Thursday Open 24 hours  Friday Open 24 hours  Saturday Open 24 hours,,FALSE,FALSE,FALSE,FALSE,,"Alpha Pool Fill is a Florida-based service providing bulk water delivery for residential pools, aquariums, and construction projects.",,live
Florida Bulk Water Sales,,,,,,,,,,,,,florida-bulk-water-sales,13525866268,https://www.floridabulkwatersales.com/contact-us.php,http://www.floridabulkwatersales.com/,"7358 E Tarawood Blvd, Floral City, FL 34436",,,,,,,,,,FALSE,TRUE,FALSE,,,,,,,Sunday: 8 AM–5 PM Monday: 8 AM–5 PM Tuesday: 8 AM–5 PM Wednesday: 8 AM–5 PM Thursday: 8 AM–5 PM Friday: 8 AM–5 PM Saturday: 8 AM–5 PM,"PM5Q+M2 Floral City, Florida",FALSE,FALSE,FALSE,FALSE,,,,pending
Hydro Haulers Bulk Water Delivery,,,,,,,,,,,,,hydro-haulers-bulk-water-delivery,15125177687,,https://brand.page/hydrohaulersbulkwater,,,,,,,,,,,FALSE,TRUE,FALSE,,,,,,,Sunday: 6 AM–10 PM Monday: 6 AM–10 PM Tuesday: 6 AM–10 PM Wednesday: 6 AM–10 PM Thursday: 6 AM–10 PM Friday: 6 AM–10 PM Saturday: 6 AM–10 PM,,FALSE,FALSE,FALSE,FALSE,,,,pending
Jensen Water Trucks,,,,,,,,,,,,,jensen-water-trucks,+13104552463,gary@jensenwatertrucks.com,https://www.jensenwatertrucks.com/,1137 Fernwood Pacific Dr,Topanga,CA,90290,,,,,both,,FALSE,TRUE,FALSE,30,,,,,,Sunday: Closed  Monday: 8 AM–5 PM   Tuesday: 8 AM–5 PM   Wednesday: 8 AM–5 PM   Thursday: 8 AM–5 PM   Friday: 8 AM–5 PM   Saturday: 8 AM–5 PM,"39HW+JJ Topanga, California",FALSE,FALSE,FALSE,FALSE,,"At Jensen Water Trucks, we take pride in being the go-to provider of water delivery services in the Santa Monica mountains area. With years of experience and a strong track record of customer satisfaction, we have earned a reputation for delivering clean and high-quality water in a timely manner. I am dedicated to meeting the unique needs of our clients and ensuring their complete satisfaction. Choose Jensen Water Trucks llc, for all your water delivery needs.",,live
JIm's Water Truck Service,,,,,,,,,,,,,,,info@jimsh2o.com,jimswatertruckservice.com,,,,,"Phoenix
Mesa
Scottsdale
Chandler
Gilbert
Tempe
Glendale
Peoria
Statewide Arizona projects",,,,,,FALSE,FALSE,FALSE,,,,,,,24/7,,,,,,,,,pending
h2o-4-u,,,,,,,,,,,,,,(775) 233-7949,h2o4u.cl@gmail.com,http://h2o-4-u.com/,200 Webb Cir Suite 1,Reno,NV,89506,,,,,,,,,,,,,,,,"Monday: 6 AM–12 AM

Tuesday: 6 AM–11:30 PM

Wednesday: 6 AM–11:30 PM

Thursday: 6 AM–11 PM

Friday: 6 AM–11:30 PM

Saturday: 10 AM–3 PM

Sunday: Closed","J47G+Q5 Reno, Nevada",,,,,,,,pending
GARY'S WATER TRUCK SERVICE,,,,,,,"CA registered water hauler list, dated Feb 2, 2026. Imported 2026-05-14.",,,,,,gary-s-water-truck-service,,,,,Pleasanton,CA,94588,,,,,,,FALSE,FALSE,FALSE,,,,,,,,,,,,,,,,pending
PLEASANT VALLEY POTABLE WATER,,,,,,,"CA registered water hauler list, dated Feb 2, 2026. Imported 2026-05-14.",,,,,,pleasant-valley-potable-water,,,,,Placerville,CA,95667,,,,,,,FALSE,FALSE,FALSE,,,,,,,,,,,,,,,,pending
SIERRA SITE SERVICES LLC - CUSTOM WATER WORKS,,,,,,,"CA registered water hauler list, dated Feb 2, 2026. Imported 2026-05-14.",,,,,,sierra-site-services-llc-custom-water-works,,,,,Camino,CA,95709,,,,,,,FALSE,FALSE,FALSE,,,,,,,,,,,,,,,,pending
AQUALIFE,,,,,,,"CA registered water hauler list, dated Feb 2, 2026. Imported 2026-05-14.",,,,,,aqualife,,,,,Calexico,CA,92231,,,,,,,FALSE,FALSE,FALSE,,,,,,,,,,,,,,,,pending
OMEGA WATER COMPANY LLC,,,,,,,"CA registered water hauler list, dated Feb 2, 2026. Imported 2026-05-14.",,,,,,omega-water-company,,,,,Heber,CA,92249,,,,,,,FALSE,FALSE,FALSE,,,,,,,,,,,,,,,,pending
"BLU BULK TRANSPORT, INC.",,,,,,,"CA registered water hauler list, dated Feb 2, 2026. Imported 2026-05-14.",,,,,,blu-bulk-transport,,,,,Seeley,CA,92273,,,,,,,FALSE,FALSE,FALSE,,,,,,,,,,,,,,,,pending
RAPID H2O,,,,,,,"CA registered water hauler list, dated Feb 2, 2026. Imported 2026-05-14.",,,,,,rapid-h2o,,,,,Wofford Heights,CA,93285,,,,,,,FALSE,FALSE,FALSE,,,,,,,,,,,,,,,,pending
"RMR EQUIPMENT RENTAL, INC. - RMR WATER TRUCKS",,,,,,,"CA registered water hauler list, dated Feb 2, 2026. Imported 2026-05-14.",,,,,,rmr-equipment-rental-inc-rmr-water-trucks,,,,,Castaic,CA,91384,,,,,,,FALSE,FALSE,FALSE,,,,,,,,,,,,,,,,pending
MENDO WATER EXPRESS,,,,,,,"CA registered water hauler list, dated Feb 2, 2026. Imported 2026-05-14.",,,,,,mendo-water-express,,,,,Redwood Valley,CA,95470,,,,,,,FALSE,FALSE,FALSE,,,,,,,,,,,,,,,,pending
ALISAL WATER CORPORATION - ALCO WATER SERVICE,,,,,,,"CA registered water hauler list, dated Feb 2, 2026. Imported 2026-05-14.",,,,,,alisal-water-corporation-alco-water-service,,,,,Salinas,CA,93905,,,,,,,FALSE,FALSE,FALSE,,,,,,,,,,,,,,,,pending
"CLARITA WATER OF SALINAS, INC.",,,,,,,"CA registered water hauler list, dated Feb 2, 2026. Imported 2026-05-14.",,,,,,clarita-water-of-salinas,,,,,Salinas,CA,93905,,,,,,,FALSE,FALSE,FALSE,,,,,,,,,,,,,,,,pending
THE WATER WAGON,,,,,,,"CA registered water hauler list, dated Feb 2, 2026. Imported 2026-05-14.",,,,,,the-water-wagon,,,,,Salinas,CA,93905,,,,,,,FALSE,FALSE,FALSE,,,,,,,,,,,,,,,,pending
"PENINSULA PURE WATER, INC.",,,,,,,"CA registered water hauler list, dated Feb 2, 2026. Imported 2026-05-14.",,,,,,peninsula-pure-water,,,,,Castroville,CA,95012,,,,,,,FALSE,FALSE,FALSE,,,,,,,,,,,,,,,,pending
BINGHAM POTABLE WATER DELIVERY,,,,,,,"CA registered water hauler list, dated Feb 2, 2026. Imported 2026-05-14.",,,,,,bingham-potable-water-delivery,,,,,Napa,CA,94558,,,,,,,FALSE,FALSE,FALSE,,,,,,,,,,,,,,,,pending
"H2O TO GO, LLC",,,,,,,"CA registered water hauler list, dated Feb 2, 2026. Imported 2026-05-14.",,,,,,h2o-to-go,,,,,Penn Valley,CA,95946,,,,,,,FALSE,FALSE,FALSE,,,,,,,,,,,,,,,,pending
"HI DESERT WATER TRANSPORT, INC. - DBA JT TRANSPORT, WONDER WATER",,,,,,,"CA registered water hauler list, dated Feb 2, 2026. Imported 2026-05-14.",,,,,,hi-desert-water-transport-inc-dba-jt-transport-wonder-water,,,,,Joshua Tree,CA,92252,,,,,,,FALSE,FALSE,FALSE,,,,,,,,,,,,,,,,pending
MOUNTAIN WATER COMPANY LLC,,,,,,,"CA registered water hauler list, dated Feb 2, 2026. Imported 2026-05-14.",,,,,,mountain-water-company,,,,,Big Bear Lake,CA,92315,,,,,,,FALSE,FALSE,FALSE,,,,,,,,,,,,,,,,pending
DOCS WATER INC.,,,,,,,"CA registered water hauler list, dated Feb 2, 2026. Imported 2026-05-14.",,,,,,docs-water,,,,,Lakeside,CA,92040,,,,,,,FALSE,FALSE,FALSE,,,,,,,,,,,,,,,,pending
"FAMOUS RAMONA WATER, INC.",,,,,,,"CA registered water hauler list, dated Feb 2, 2026. Imported 2026-05-14.",,,,,,famous-ramona-water,,,,,Ramona,CA,92065,,,,,,,FALSE,FALSE,FALSE,,,,,,,,,,,,,,,,pending
"BLU BULK TRANSPORT, INC.",,,,,,,"CA registered water hauler list, dated Feb 2, 2026. Imported 2026-05-14.",,,,,,blu-bulk-transport-2,,,,,San Marcos,CA,92069,,,,,,,FALSE,FALSE,FALSE,,,,,,,,,,,,,,,,pending
"AERO PURE WATER, LLC",,,,,,,"CA registered water hauler list, dated Feb 2, 2026. Imported 2026-05-14.",,,,,,aero-pure-water,,,,,Lodi,CA,95240,,,,,,,FALSE,FALSE,FALSE,,,,,,,,,,,,,,,,pending
ALL PURE WATER HAULING - AERO PURE WATER HAULING,,,,,,,"CA registered water hauler list, dated Feb 2, 2026. Imported 2026-05-14.",,,,,,all-pure-water-hauling-aero-pure-water-hauling,,,,,Lodi,CA,95240,,,,,,,FALSE,FALSE,FALSE,,,,,,,,,,,,,,,,pending
A-1 WATER,,,,,,,"CA registered water hauler list, dated Feb 2, 2026. Imported 2026-05-14.",,,,,,a-1-water,,,,,Nipomo,CA,93444,,,,,,,FALSE,FALSE,FALSE,,,,,,,,,,,,,,,,pending
"BAY AREA CORPORATION, INC.- BAY AREA WATER TRUCKS",,,,,,,"CA registered water hauler list, dated Feb 2, 2026. Imported 2026-05-14.",,,,,,bay-area-corporation-inc-bay-area-water-trucks,,,,,San Martin,CA,95046,,,,,,,FALSE,FALSE,FALSE,,,,,,,,,,,,,,,,pending
"ENVIRONMENTAL AQUA, INC.  - CAL AQUA",,,,,,,"CA registered water hauler list, dated Feb 2, 2026. Imported 2026-05-14.",,,,,,environmental-aqua-inc-cal-aqua,,,,,Vacaville,CA,95688,,,,,,,FALSE,FALSE,FALSE,,,,,,,,,,,,,,,,pending
SANTA ROSA WATER,,,,,,,"CA registered water hauler list, dated Feb 2, 2026. Imported 2026-05-14.",,,,,,santa-rosa-water,,,,,Santa Rosa,CA,95401,,,,,,,FALSE,FALSE,FALSE,,,,,,,,,,,,,,,,pending
LONESTAR ENTERPRISES - AB1 WATER DELIVERY,,,,,,,"CA registered water hauler list, dated Feb 2, 2026. Imported 2026-05-14.",,,,,,lonestar-enterprises-ab1-water-delivery,,,,,Los Molinos,CA,96055,,,,,,,FALSE,FALSE,FALSE,,,,,,,,,,,,,,,,pending
FIREWATER SUPPLY INC.,,,,,,,"CA registered water hauler list, dated Feb 2, 2026. Imported 2026-05-14.",,,,,,firewater-supply,,,,,Red Bluff,CA,96080,,,,,,,FALSE,FALSE,FALSE,,,,,,,,,,,,,,,,pending
KJAM HAWK LLC - KJ POTABLE,,,,,,,"CA registered water hauler list, dated Feb 2, 2026. Imported 2026-05-14.",,,,,,kjam-hawk-llc-kj-potable,,,,,Weaverville,CA,96093,,,,,,,FALSE,FALSE,FALSE,,,,,,,,,,,,,,,,pending
ONE STOP WATER INC. - VENTURA'S WATER STORE,,,,,,,"CA registered water hauler list, dated Feb 2, 2026. Imported 2026-05-14.",,,,,,one-stop-water-inc-ventura-s-water-store,,,,,Ventura,CA,93003,,,,,,,FALSE,FALSE,FALSE,,,,,,,,,,,,,,,,pending
WATER N WHEELS LLC,,,,,,,"CA registered water hauler list, dated Feb 2, 2026. Imported 2026-05-14.",,,,,,water-n-wheels,,,,,Marysville,CA,95901,,,,,,,FALSE,FALSE,FALSE,,,,,,,,,,,,,,,,pending
KYLE MOUNTAIN FIRE LLC - WATER PROS,,,,,,,"CA registered water hauler list, dated Feb 2, 2026. Imported 2026-05-14.",,,,,,kyle-mountain-fire-llc-water-pros,,,,,North Las Vegas,NV,89030,,,,,,,FALSE,FALSE,FALSE,,,,,,,,,,,,,,,,pending
